length,aa_entropy,instability,gravy,isoelectric_point,low_complex,max_homopolymer,helix_sheet,id,model
122,3.935970692419418,40.449180327868845,-0.01147540983606553,4.58135929107666,0.0,3,2.0357142857142856,CheY-like_superfamily_000|CheY-like,ProLLaMA
150,4.020133024083977,36.488066666666654,-0.2159999999999999,5.1369035720825185,0.0,2,1.864864864864865,CheY-like_superfamily_001|CheY-like,ProLLaMA
213,4.0123622931592475,47.139906103286386,-0.046478873239436655,5.57939510345459,0.0,3,2.4186046511627906,CheY-like_superfamily_002|CheY-like,ProLLaMA
183,3.763079349222303,39.49234972677595,-0.27978142076502754,5.371648597717285,0.0,3,2.6052631578947367,CheY-like_superfamily_003|CheY-like,ProLLaMA
172,3.9108181490123415,54.094767441860455,-0.28720930232558134,5.409901237487793,0.0,4,3.103448275862069,CheY-like_superfamily_004|CheY-like,ProLLaMA
117,3.6057088286559336,44.49316239316238,0.23931623931623947,6.083102226257323,0.0,2,3.263157894736842,CheY-like_superfamily_005|CheY-like,ProLLaMA
238,4.0156678035350435,57.19495798319324,-0.2756302521008404,6.368433952331543,0.0,2,2.38,CheY-like_superfamily_006|CheY-like,ProLLaMA
129,3.7239942025241297,49.8798449612403,-0.031007751937984482,4.507184410095214,0.0,2,3.5238095238095237,CheY-like_superfamily_007|CheY-like,ProLLaMA
118,3.7748552673019624,43.21186440677965,-0.5652542372881355,10.264285469055174,0.0,3,3.0454545454545454,CheY-like_superfamily_008|CheY-like,ProLLaMA
189,3.9089052054716658,40.01481481481481,-0.12116402116402106,4.8048501968383786,0.0,3,3.3125,CheY-like_superfamily_009|CheY-like,ProLLaMA
121,3.893665652481943,56.08264462809917,0.17603305785123977,4.482914161682129,0.0,3,2.3076923076923075,CheY-like_superfamily_010|CheY-like,ProLLaMA
183,3.791336449320813,23.021311475409817,-0.7049180327868857,9.046542167663574,0.0,2,3.76,CheY-like_superfamily_011|CheY-like,ProLLaMA
188,3.9119943947966784,34.593617021276586,0.003191489361702179,8.77590389251709,0.0,2,1.9772727272727273,CheY-like_superfamily_012|CheY-like,ProLLaMA
130,3.8173250257930174,26.00230769230769,0.005384615384615383,5.076256370544432,0.0,3,2.75,CheY-like_superfamily_013|CheY-like,ProLLaMA
140,3.8346763309213463,58.78071428571427,-0.0714285714285714,5.193174171447752,0.0,2,4.529411764705882,CheY-like_superfamily_014|CheY-like,ProLLaMA
123,3.9309429418222717,32.29756097560975,-0.21056910569105677,4.64007396697998,0.0,2,2.5833333333333335,CheY-like_superfamily_015|CheY-like,ProLLaMA
131,3.964673184017572,55.04656488549617,-0.0801526717557252,5.075290107727049,0.0,3,1.8709677419354838,CheY-like_superfamily_016|CheY-like,ProLLaMA
247,4.041998509067574,40.557894736842094,-0.547368421052632,8.976593971252441,0.0,2,2.5,CheY-like_superfamily_017|CheY-like,ProLLaMA
129,4.002815523551602,46.032558139534885,-0.19224806201550373,5.431102180480956,0.0,3,2.1785714285714284,CheY-like_superfamily_018|CheY-like,ProLLaMA
212,3.9842244568011664,38.39905660377357,-0.2165094339622641,4.735392951965332,0.0,3,2.255813953488372,CheY-like_superfamily_019|CheY-like,ProLLaMA
226,3.949392326859527,26.92079646017697,-0.38893805309734536,5.92338466644287,0.0,3,1.6290322580645162,CheY-like_superfamily_020|CheY-like,ProLLaMA
175,3.928245143257011,30.696571428571417,-0.09828571428571418,5.351072883605957,0.0,2,3.1,CheY-like_superfamily_021|CheY-like,ProLLaMA
251,3.8909292574862104,37.211952191235056,0.13346613545816738,6.23673801422119,0.0,3,2.7142857142857144,CheY-like_superfamily_022|CheY-like,ProLLaMA
225,3.9700434920181267,32.193822222222224,-0.18133333333333315,7.797467231750489,0.0,2,1.9137931034482758,CheY-like_superfamily_023|CheY-like,ProLLaMA
211,3.994787921705161,32.643127962085295,-0.27109004739336506,5.50738010406494,0.0,2,2.357142857142857,CheY-like_superfamily_024|CheY-like,ProLLaMA
250,3.9196659186977523,57.95719999999998,-0.08639999999999987,5.1641862869262685,0.0,3,2.9555555555555557,CheY-like_superfamily_025|CheY-like,ProLLaMA
127,3.6582950021770597,35.818110236220456,0.06299212598425198,4.743634605407714,0.0,2,3.1,CheY-like_superfamily_026|CheY-like,ProLLaMA
117,3.9141825523440374,29.722222222222207,-0.032478632478632495,5.161458015441893,0.0,2,2.0,CheY-like_superfamily_027|CheY-like,ProLLaMA
207,3.9145968211602025,34.45458937198067,-0.15169082125603853,6.1388044357299805,0.0,3,3.606060606060606,CheY-like_superfamily_028|CheY-like,ProLLaMA
240,4.016931250672962,39.85416666666666,-0.2779166666666664,7.820546913146973,0.0,2,1.7258064516129032,CheY-like_superfamily_029|CheY-like,ProLLaMA
208,3.796405573080605,38.606249999999996,-0.19663461538461535,7.042942237854004,0.0,3,3.411764705882353,CheY-like_superfamily_030|CheY-like,ProLLaMA
204,4.024833262916188,44.63725490196079,-0.08627450980392151,7.878375053405763,0.0,3,2.2045454545454546,CheY-like_superfamily_031|CheY-like,ProLLaMA
248,3.981005212906027,44.844354838709656,-0.03911290322580646,5.002479362487793,0.0,4,2.933333333333333,CheY-like_superfamily_032|CheY-like,ProLLaMA
141,4.023580595883068,59.61985815602836,-0.0631205673758865,4.791777229309083,0.0,3,2.5714285714285716,CheY-like_superfamily_033|CheY-like,ProLLaMA
212,3.9047289669190715,38.24150943396226,-0.19056603773584904,5.413709449768065,0.0,3,2.4318181818181817,CheY-like_superfamily_034|CheY-like,ProLLaMA
130,3.87031588565877,44.35307692307692,-0.11230769230769234,4.79780216217041,0.0,3,2.6956521739130435,CheY-like_superfamily_035|CheY-like,ProLLaMA
119,3.944131737882075,44.58991596638655,-0.388235294117647,5.755141258239747,0.0,2,2.44,CheY-like_superfamily_036|CheY-like,ProLLaMA
252,3.8859407176456537,66.62182539682537,-0.12658730158730166,5.341467094421386,0.0,3,2.6341463414634148,CheY-like_superfamily_037|CheY-like,ProLLaMA
207,4.025020165219814,47.51545893719807,-0.24202898550724644,4.85259494781494,0.0,3,2.6666666666666665,CheY-like_superfamily_038|CheY-like,ProLLaMA
217,4.016789330429562,42.84101382488479,-0.17603686635944685,5.531707191467285,0.0,3,2.3555555555555556,CheY-like_superfamily_039|CheY-like,ProLLaMA
222,3.9011003003740585,40.883783783783755,-0.11711711711711702,5.87768611907959,0.0,2,2.857142857142857,CheY-like_superfamily_040|CheY-like,ProLLaMA
140,3.812860511087478,50.82999999999999,-0.30214285714285716,6.152843666076659,0.0,2,3.4545454545454546,CheY-like_superfamily_041|CheY-like,ProLLaMA
208,3.850355514083088,58.73413461538461,-0.3716346153846155,7.885788917541503,0.0,3,3.533333333333333,CheY-like_superfamily_042|CheY-like,ProLLaMA
126,3.9293187778467176,32.904761904761884,0.21746031746031752,4.558112144470216,0.0,3,2.4615384615384617,CheY-like_superfamily_043|CheY-like,ProLLaMA
180,3.6923155532614595,68.90555555555555,-0.29500000000000015,6.344050025939941,0.0,3,3.5,CheY-like_superfamily_044|CheY-like,ProLLaMA
132,3.887753594592568,36.47651515151514,-0.011363636363636308,4.718113899230956,0.0,3,2.84,CheY-like_superfamily_045|CheY-like,ProLLaMA
120,3.804989033068348,49.43833333333332,0.06333333333333327,5.19999485015869,0.0,2,3.611111111111111,CheY-like_superfamily_046|CheY-like,ProLLaMA
121,3.828958628026335,39.152066115702475,0.04297520661157029,4.578801536560059,0.0,2,3.1904761904761907,CheY-like_superfamily_047|CheY-like,ProLLaMA
218,3.964855016757441,38.92660550458715,-0.014678899082568834,4.819400978088378,0.0,3,1.9807692307692308,CheY-like_superfamily_048|CheY-like,ProLLaMA
252,3.8776929457819063,32.630158730158726,-0.08809523809523793,4.876296806335449,0.0,2,3.261904761904762,CheY-like_superfamily_049|CheY-like,ProLLaMA
127,3.918242452692756,27.756692913385812,0.19763779527559056,4.558055305480957,0.0,2,2.3461538461538463,CheY-like_superfamily_050|CheY-like,ProLLaMA
209,3.909551144944995,31.57368421052631,-0.07799043062200957,5.561718177795409,0.0,2,2.375,CheY-like_superfamily_051|CheY-like,ProLLaMA
130,4.040814125527453,45.54153846153845,0.07307692307692303,4.6733247756958,0.0,2,2.1379310344827585,CheY-like_superfamily_052|CheY-like,ProLLaMA
206,3.9104507106516992,44.89951456310678,-0.228640776699029,5.026635932922363,0.0,3,2.5365853658536586,CheY-like_superfamily_053|CheY-like,ProLLaMA
197,3.773089104386865,57.12741116751268,-0.2624365482233503,4.9784364700317365,0.0,2,4.56,CheY-like_superfamily_054|CheY-like,ProLLaMA
247,4.060236108243848,48.464048582995936,-0.17773279352226717,5.701030540466309,0.0,3,2.0,CheY-like_superfamily_055|CheY-like,ProLLaMA
124,3.937908732623791,45.17016129032258,0.07741935483870967,4.633025932312012,0.0,2,1.71875,CheY-like_superfamily_056|CheY-like,ProLLaMA
138,3.9907087844324054,38.366666666666646,-0.27898550724637666,4.982926750183105,0.0,3,2.032258064516129,CheY-like_superfamily_057|CheY-like,ProLLaMA
218,3.98855314986786,45.41972477064219,-0.14311926605504588,6.866172981262207,0.0,3,2.3043478260869565,CheY-like_superfamily_058|CheY-like,ProLLaMA
225,3.9661544050739987,30.31733333333333,-0.2573333333333333,6.988888359069825,0.0,3,2.391304347826087,CheY-like_superfamily_059|CheY-like,ProLLaMA
119,3.8978279343460196,54.8436974789916,-0.35378151260504204,4.680770683288574,0.0,4,2.16,CheY-like_superfamily_060|CheY-like,ProLLaMA
248,3.9804527333400523,35.93064516129032,-0.13467741935483868,5.657719230651855,0.0,3,2.086206896551724,CheY-like_superfamily_061|CheY-like,ProLLaMA
135,3.8843072974966835,34.03259259259258,-0.16666666666666666,9.696576881408692,0.0,3,1.6153846153846154,CheY-like_superfamily_062|CheY-like,ProLLaMA
220,3.9762503191504974,35.46590909090909,-0.1600000000000001,6.778754615783691,0.0,2,2.142857142857143,CheY-like_superfamily_063|CheY-like,ProLLaMA
176,3.925295258023928,36.203977272727265,-0.16647727272727272,5.766054344177246,0.0,2,2.2222222222222223,CheY-like_superfamily_064|CheY-like,ProLLaMA
170,3.81016499429617,40.852352941176456,-0.3799999999999998,8.485344886779785,0.0,4,2.2162162162162162,CheY-like_superfamily_065|CheY-like,ProLLaMA
140,3.80667060699688,42.26357142857142,0.06214285714285714,5.16310634613037,0.0,3,3.0869565217391304,CheY-like_superfamily_066|CheY-like,ProLLaMA
242,3.926606368560304,41.220247933884295,-0.1504132231404957,4.836054801940917,0.0,3,2.5869565217391304,CheY-like_superfamily_067|CheY-like,ProLLaMA
122,3.9988540577517115,46.02295081967212,-0.20409836065573764,4.467226600646971,0.0,2,2.4583333333333335,CheY-like_superfamily_068|CheY-like,ProLLaMA
181,3.9025508674040035,49.818784530386736,-0.49281767955801115,5.741670417785645,0.0,3,3.642857142857143,CheY-like_superfamily_069|CheY-like,ProLLaMA
124,4.031276737385326,50.92903225806453,-0.06532258064516133,5.88001651763916,0.0,3,2.739130434782609,CheY-like_superfamily_070|CheY-like,ProLLaMA
126,3.9297345969824433,46.512698412698384,0.22380952380952399,4.733233070373536,0.0,2,2.0,CheY-like_superfamily_071|CheY-like,ProLLaMA
116,3.9504799631271266,36.19224137931034,-0.1439655172413793,8.804076576232912,0.0,2,1.9259259259259258,CheY-like_superfamily_072|CheY-like,ProLLaMA
210,3.9703942655985296,49.96619047619047,-0.021904761904761923,5.86364688873291,0.0,4,2.5,CheY-like_superfamily_073|CheY-like,ProLLaMA
171,3.8472648138708196,50.57017543859647,-0.28596491228070164,5.224208259582518,0.0,3,3.5,CheY-like_superfamily_074|CheY-like,ProLLaMA
236,4.030848092079311,50.84279661016947,-0.30169491525423753,6.252709770202637,0.0,4,1.65,CheY-like_superfamily_075|CheY-like,ProLLaMA
119,3.906821135275418,32.332773109243696,0.11764705882352944,5.457816505432128,0.0,3,1.7741935483870968,CheY-like_superfamily_076|CheY-like,ProLLaMA
202,3.908023358385579,55.02574257425741,-0.37425742574257426,7.903195381164552,0.0,2,3.2222222222222223,CheY-like_superfamily_077|CheY-like,ProLLaMA
240,3.7864312215764553,39.69124999999999,-0.41625000000000006,9.57473163604736,0.0,3,1.537313432835821,CheY-like_superfamily_078|CheY-like,ProLLaMA
197,3.8738585029617023,27.728477157360405,-0.08730964467005069,4.988212776184081,0.0,3,2.0,CheY-like_superfamily_079|CheY-like,ProLLaMA
211,3.895035620858531,43.6781990521327,-0.055450236966824634,4.79990520477295,0.0,2,3.4411764705882355,CheY-like_superfamily_080|CheY-like,ProLLaMA
220,3.910324814218339,44.80090909090908,-0.002272727272727235,6.76397647857666,0.0,3,2.3488372093023258,CheY-like_superfamily_081|CheY-like,ProLLaMA
128,3.8752190250239713,38.931249999999984,0.2390625000000001,4.987246513366698,0.0,3,2.56,CheY-like_superfamily_082|CheY-like,ProLLaMA
227,3.8733559443580967,51.60044052863435,-0.033039647577092546,6.455397605895995,0.0,3,2.948717948717949,CheY-like_superfamily_083|CheY-like,ProLLaMA
131,3.9599569294092976,52.72519083969465,-0.4106870229007637,4.973377799987793,0.0,2,2.392857142857143,CheY-like_superfamily_084|CheY-like,ProLLaMA
158,3.775395137166164,36.75696202531644,-0.07025316455696186,9.096182823181152,0.0,3,3.272727272727273,CheY-like_superfamily_085|CheY-like,ProLLaMA
241,3.9865501502291982,43.023236514522814,-0.268464730290457,5.257288551330566,0.0,3,2.5319148936170213,CheY-like_superfamily_086|CheY-like,ProLLaMA
204,4.039043428383935,57.60441176470587,-0.24460784313725487,9.196044349670409,0.0,3,2.5,CheY-like_superfamily_087|CheY-like,ProLLaMA
229,4.052961800914374,23.40659388646286,-0.2436681222707424,6.911416816711426,0.0,2,1.328358208955224,CheY-like_superfamily_088|CheY-like,ProLLaMA
208,3.9303312886148936,56.549519230769235,-0.05961538461538461,7.931690406799317,0.0,2,2.3333333333333335,CheY-like_superfamily_089|CheY-like,ProLLaMA
130,3.9419664033584016,34.16307692307692,-0.37384615384615405,5.0266927719116214,0.0,3,2.2857142857142856,CheY-like_superfamily_090|CheY-like,ProLLaMA
135,3.8853113949148588,40.177777777777756,0.0022222222222222374,4.807521629333496,0.0,3,2.2413793103448274,CheY-like_superfamily_091|CheY-like,ProLLaMA
242,3.9938533739531215,45.031404958677676,-0.11528925619834705,5.411606407165528,0.0,4,2.169811320754717,CheY-like_superfamily_092|CheY-like,ProLLaMA
238,4.024235233932341,41.416386554621845,-0.07226890756302516,4.902897453308105,0.0,2,1.8070175438596492,CheY-like_superfamily_093|CheY-like,ProLLaMA
177,3.909184054467315,40.535593220338974,-0.5762711864406782,7.780576515197754,0.0,3,3.64,CheY-like_superfamily_094|CheY-like,ProLLaMA
138,3.9376221034673318,32.784782608695636,-0.2572463768115941,4.874762153625488,0.0,2,2.5384615384615383,CheY-like_superfamily_095|CheY-like,ProLLaMA
240,3.9400946796069864,25.63541666666665,-0.1779166666666666,6.9381311416625975,0.0,4,2.5625,CheY-like_superfamily_096|CheY-like,ProLLaMA
163,3.854362229972139,52.96932515337422,-0.10858895705521468,4.750398445129394,0.0,3,3.269230769230769,CheY-like_superfamily_097|CheY-like,ProLLaMA
129,3.9248827082483086,43.69457364341085,-0.15968992248062014,4.217419242858887,0.0,2,2.1481481481481484,CheY-like_superfamily_098|CheY-like,ProLLaMA
205,3.8610390404065678,48.775609756097545,-0.3878048780487806,9.3004186630249,0.0,2,2.8292682926829267,CheY-like_superfamily_099|CheY-like,ProLLaMA
172,3.85447243506536,52.125581395348824,-0.1133720930232558,9.477126502990725,0.0,3,2.022222222222222,CheY-like_superfamily_100|CheY-like,ProLLaMA
173,3.9967708021351216,56.79595375722542,-0.41965317919075135,5.53881206512451,0.0,2,3.064516129032258,CheY-like_superfamily_101|CheY-like,ProLLaMA
137,3.904266131478657,51.80656934306569,0.03868613138686136,5.30111141204834,0.0,2,2.206896551724138,CheY-like_superfamily_102|CheY-like,ProLLaMA
210,3.9655578089370223,35.315714285714265,-0.2404761904761905,5.475663948059082,0.0,3,2.061224489795918,CheY-like_superfamily_103|CheY-like,ProLLaMA
238,3.8671731695020384,50.92731092436974,-0.08991596638655458,8.884726524353027,0.0,3,2.7111111111111112,CheY-like_superfamily_104|CheY-like,ProLLaMA
201,4.016165804826493,39.938308457711436,-0.18855721393034824,5.589967155456542,0.0,4,2.2857142857142856,CheY-like_superfamily_105|CheY-like,ProLLaMA
190,3.9289006190405535,28.59473684210525,-0.1268421052631579,4.723911476135252,0.0,3,1.8,CheY-like_superfamily_106|CheY-like,ProLLaMA
198,3.888512499586351,35.12727272727272,-0.3141414141414143,9.06265926361084,0.0,3,2.5121951219512195,CheY-like_superfamily_107|CheY-like,ProLLaMA
211,3.9565401685547896,42.166350710900474,-0.23791469194312803,6.146079826354979,0.0,3,2.8974358974358974,CheY-like_superfamily_108|CheY-like,ProLLaMA
212,3.887687428612336,40.199999999999996,-0.3891509433962265,8.97317714691162,0.0,3,1.830188679245283,CheY-like_superfamily_109|CheY-like,ProLLaMA
178,3.8107464807624867,85.57808988764042,-0.3320224719101123,10.385486030578612,0.0,3,3.5,CheY-like_superfamily_110|CheY-like,ProLLaMA
133,4.072319409304368,58.39999999999999,-0.3157894736842104,4.831791877746581,0.0,2,2.2857142857142856,CheY-like_superfamily_111|CheY-like,ProLLaMA
242,4.03658674843077,45.24260330578513,-0.35702479338843,5.462363624572753,0.0,3,1.9473684210526316,CheY-like_superfamily_112|CheY-like,ProLLaMA
127,3.936232142833273,40.46220472440943,-0.14251968503937004,4.943878364562988,0.0,3,2.9130434782608696,CheY-like_superfamily_113|CheY-like,ProLLaMA
240,4.003027216706679,40.44083333333333,-0.0091666666666666,6.849860191345214,0.0,3,2.076923076923077,CheY-like_superfamily_114|CheY-like,ProLLaMA
129,3.94399839173036,39.40930232558138,0.042635658914728626,5.215284538269042,0.0,2,2.1724137931034484,CheY-like_superfamily_115|CheY-like,ProLLaMA
197,4.000481339079553,50.638071065989855,-0.37766497461928944,6.863274192810059,0.0,3,3.2058823529411766,CheY-like_superfamily_116|CheY-like,ProLLaMA
232,4.03090326080453,41.5521551724138,-0.15948275862068959,4.844694328308105,0.0,3,2.2083333333333335,CheY-like_superfamily_117|CheY-like,ProLLaMA
174,3.9559648731739547,56.382183908045974,-0.221264367816092,5.284855461120604,0.0,2,3.2962962962962963,CheY-like_superfamily_118|CheY-like,ProLLaMA
215,3.9121809319825096,37.00279069767439,-0.2906976744186048,8.318049430847168,0.0,2,2.511111111111111,CheY-like_superfamily_119|CheY-like,ProLLaMA
142,3.969151224694414,45.938028169014075,-0.3640845070422534,5.44349308013916,0.0,3,2.6551724137931036,CheY-like_superfamily_120|CheY-like,ProLLaMA
140,4.012664993713139,27.870714285714275,-0.3428571428571427,4.988610649108886,0.0,3,1.7878787878787878,CheY-like_superfamily_121|CheY-like,ProLLaMA
133,3.9252592621427738,33.63533834586465,-0.32105263157894726,4.312795066833497,0.0,2,2.0689655172413794,CheY-like_superfamily_122|CheY-like,ProLLaMA
229,4.057437016140236,40.906986899563314,-0.39825327510917063,8.902068519592287,0.0,2,2.0576923076923075,CheY-like_superfamily_123|CheY-like,ProLLaMA
216,3.8493032659321647,35.24305555555555,-0.17407407407407394,4.8386125564575195,0.0,2,3.5,CheY-like_superfamily_124|CheY-like,ProLLaMA
194,3.679802804468461,29.570103092783484,-0.8448453608247427,9.931693077087402,0.0,4,2.7837837837837838,CheY-like_superfamily_125|CheY-like,ProLLaMA
125,3.934565789518545,34.30159999999999,0.11519999999999998,5.3044649124145495,0.0,2,2.625,CheY-like_superfamily_126|CheY-like,ProLLaMA
256,3.7530319937665837,46.341406250000006,-0.3164062500000002,5.042494010925293,0.0,3,4.125,CheY-like_superfamily_127|CheY-like,ProLLaMA
207,3.8172380122609257,37.36521739130434,-0.4314009661835752,5.072391319274902,0.0,3,4.344827586206897,CheY-like_superfamily_128|CheY-like,ProLLaMA
195,4.041505183901026,33.07948717948717,0.06307692307692306,6.528265190124511,0.0,3,2.4651162790697674,CheY-like_superfamily_129|CheY-like,ProLLaMA
126,3.99570963531008,46.13888888888887,-0.1285714285714286,5.818062019348145,0.0,2,3.0454545454545454,CheY-like_superfamily_130|CheY-like,ProLLaMA
239,3.9152242230332828,51.95820083682005,-0.22133891213389123,6.052636528015137,0.0,3,2.3333333333333335,CheY-like_superfamily_131|CheY-like,ProLLaMA
126,3.9455222019949416,28.026984126984114,0.056349206349206295,4.508491706848145,0.0,2,2.0,CheY-like_superfamily_132|CheY-like,ProLLaMA
212,3.779327819931663,43.324528301886794,-0.7051886792452834,4.774782371520996,0.0,3,2.948717948717949,CheY-like_superfamily_133|CheY-like,ProLLaMA
184,3.9163741726623833,51.7695652173913,-0.05978260869565215,9.02320461273193,0.0,2,2.8,CheY-like_superfamily_134|CheY-like,ProLLaMA
234,3.901544901217736,38.48717948717948,-0.4820512820512824,4.972809410095214,0.0,3,2.659090909090909,CheY-like_superfamily_135|CheY-like,ProLLaMA
208,4.008218515272936,44.27692307692307,-0.005288461538461495,8.706987190246583,0.0,2,2.625,CheY-like_superfamily_136|CheY-like,ProLLaMA
206,3.9581314102833174,58.691262135922315,-0.29417475728155335,8.637361335754395,0.0,3,3.142857142857143,CheY-like_superfamily_137|CheY-like,ProLLaMA
213,3.9386501836407337,30.01924882629106,0.19295774647887318,5.402966880798339,0.0,3,2.019230769230769,CheY-like_superfamily_138|CheY-like,ProLLaMA
235,3.9446369015334266,27.933191489361693,-0.20553191489361688,8.493016624450682,0.0,3,2.2708333333333335,CheY-like_superfamily_139|CheY-like,ProLLaMA
124,3.896939659572669,46.75161290322579,0.04919354838709686,5.695403480529785,0.0,3,2.9565217391304346,CheY-like_superfamily_140|CheY-like,ProLLaMA
136,3.9824104616968077,48.18676470588235,-0.0007352941176470105,4.4257909774780275,0.0,3,2.88,CheY-like_superfamily_141|CheY-like,ProLLaMA
149,3.9373370162679118,33.17919463087247,-0.2906040268456375,4.9634309768676745,0.0,3,2.7,CheY-like_superfamily_142|CheY-like,ProLLaMA
204,3.8479205996591164,44.919117647058805,-0.23823529411764696,6.784267997741699,0.0,3,2.0625,CheY-like_superfamily_143|CheY-like,ProLLaMA
131,3.763611921330216,61.93816793893129,-0.2824427480916031,5.460828971862793,0.0,3,4.111111111111111,CheY-like_superfamily_144|CheY-like,ProLLaMA
122,3.902587685982083,31.37213114754097,-0.0344262295081967,5.195618247985839,0.0,2,2.36,CheY-like_superfamily_145|CheY-like,ProLLaMA
146,4.019933133173928,31.688356164383542,-0.05684931506849317,4.526566505432128,0.0,2,1.9411764705882353,CheY-like_superfamily_146|CheY-like,ProLLaMA
195,3.970626571354826,25.08102564102563,-0.4958974358974364,4.681054878234862,0.0,3,3.09375,CheY-like_superfamily_147|CheY-like,ProLLaMA
205,3.9497547221318468,39.823414634146346,-0.2887804878048782,9.46442623138428,0.0,3,2.3863636363636362,CheY-like_superfamily_148|CheY-like,ProLLaMA
134,3.884819369287349,61.79850746268657,-0.10522388059701493,4.941775321960448,0.0,3,3.090909090909091,CheY-like_superfamily_149|CheY-like,ProLLaMA
204,4.0529839511985575,30.818627450980383,-0.10735294117647058,5.210453224182127,0.0,3,1.5272727272727273,Thioredoxin-like_superfamily_000|Thioredoxin-like,ProLLaMA
222,4.015392305684402,27.166216216216203,-0.22567567567567554,5.131447029113769,0.0,3,1.7017543859649122,Thioredoxin-like_superfamily_001|Thioredoxin-like,ProLLaMA
207,4.0571022415336,59.46038647342993,-0.2342995169082125,6.715549659729004,0.0,3,1.6153846153846154,Thioredoxin-like_superfamily_002|Thioredoxin-like,ProLLaMA
247,3.7274539313236814,32.46477732793522,-0.5113360323886647,6.529970359802246,0.0,3,2.9361702127659575,Thioredoxin-like_superfamily_003|Thioredoxin-like,ProLLaMA
163,3.946174366192061,33.887177914110424,-0.7435582822085891,9.360761070251463,0.0,3,2.051282051282051,Thioredoxin-like_superfamily_004|Thioredoxin-like,ProLLaMA
239,3.799139174499116,37.244769874476994,-0.5677824267782426,8.944617652893069,0.0,2,2.7,Thioredoxin-like_superfamily_005|Thioredoxin-like,ProLLaMA
183,3.797054522868173,65.27213114754099,0.15081967213114725,5.033001899719238,0.0,3,2.0,Thioredoxin-like_superfamily_006|Thioredoxin-like,ProLLaMA
194,3.948029788064809,29.05360824742266,0.26340206185567006,7.482648658752441,0.0,3,1.4705882352941178,Thioredoxin-like_superfamily_007|Thioredoxin-like,ProLLaMA
132,3.8959601040189327,44.43257575757574,-0.4159090909090909,9.536115074157713,0.0,3,1.7222222222222223,Thioredoxin-like_superfamily_008|Thioredoxin-like,ProLLaMA
247,3.9843823132746388,39.6882995951417,-0.4291497975708506,4.846342658996581,0.0,2,1.9666666666666666,Thioredoxin-like_superfamily_009|Thioredoxin-like,ProLLaMA
153,3.958650276186777,16.918954248366013,0.08496732026143781,9.002574729919434,0.0,4,2.111111111111111,Thioredoxin-like_superfamily_010|Thioredoxin-like,ProLLaMA
161,3.8755401123522337,31.690683229813658,-0.41863354037267064,9.522189903259278,0.0,3,2.0526315789473686,Thioredoxin-like_superfamily_011|Thioredoxin-like,ProLLaMA
142,3.988293470489603,38.08873239436619,0.15563380281690148,4.733176231384278,0.0,2,1.605263157894737,Thioredoxin-like_superfamily_012|Thioredoxin-like,ProLLaMA
191,3.9745285559081243,18.22774869109947,-0.1445026178010473,9.53179569244385,0.0,4,2.022727272727273,Thioredoxin-like_superfamily_013|Thioredoxin-like,ProLLaMA
159,3.970415636256312,41.888050314465396,-0.0930817610062894,8.116779136657716,0.0,3,1.8918918918918919,Thioredoxin-like_superfamily_014|Thioredoxin-like,ProLLaMA
144,4.033142968764662,37.5798611111111,-0.4506944444444445,6.6117048263549805,0.0,3,1.4186046511627908,Thioredoxin-like_superfamily_015|Thioredoxin-like,ProLLaMA
180,3.946628890710558,27.50227777777776,-0.05111111111111102,7.607864952087403,0.0,3,1.2916666666666667,Thioredoxin-like_superfamily_016|Thioredoxin-like,ProLLaMA
219,3.9365793713320496,26.54936073059359,-0.8520547945205487,9.44637508392334,0.0,3,2.0,Thioredoxin-like_superfamily_017|Thioredoxin-like,ProLLaMA
173,4.094198209957566,37.394277456647394,-0.03757225433526016,6.412313652038574,0.0,2,1.0545454545454545,Thioredoxin-like_superfamily_018|Thioredoxin-like,ProLLaMA
273,2.8271808846510726,89.13150183150195,-0.8681318681318655,9.871673011779784,0.0,2,14.666666666666666,Thioredoxin-like_superfamily_019|Thioredoxin-like,ProLLaMA
223,4.017335981003072,28.998654708520185,-0.2511210762331838,9.408080863952637,0.0,3,1.7118644067796611,Thioredoxin-like_superfamily_020|Thioredoxin-like,ProLLaMA
185,4.056911364489908,51.63843243243244,-0.3432432432432432,5.004298210144043,0.0,2,1.7142857142857142,Thioredoxin-like_superfamily_021|Thioredoxin-like,ProLLaMA
117,4.088126948787717,22.95641025641025,0.01794871794871791,8.36827030181885,0.0,2,1.8666666666666667,Thioredoxin-like_superfamily_022|Thioredoxin-like,ProLLaMA
182,3.873848212902594,27.881318681318668,-0.44725274725274744,9.895010566711427,0.0,3,2.6875,Thioredoxin-like_superfamily_023|Thioredoxin-like,ProLLaMA
204,3.797039492156321,18.989705882352922,0.04019607843137261,9.727779579162597,0.0,3,2.1794871794871793,Thioredoxin-like_superfamily_024|Thioredoxin-like,ProLLaMA
167,3.9805084806589712,28.0743113772455,0.038922155688622735,4.440057563781737,0.0,3,1.0535714285714286,Thioredoxin-like_superfamily_025|Thioredoxin-like,ProLLaMA
225,3.8936688386121414,51.16533333333333,0.03333333333333338,4.427211952209473,0.0,4,1.8541666666666667,Thioredoxin-like_superfamily_026|Thioredoxin-like,ProLLaMA
147,4.005154170328289,27.09319727891156,0.10136054421768714,4.886641502380371,0.0,3,1.525,Thioredoxin-like_superfamily_027|Thioredoxin-like,ProLLaMA
215,3.9999143338375984,32.337209302325576,-0.22139534883720918,7.399834251403808,0.0,2,2.1555555555555554,Thioredoxin-like_superfamily_028|Thioredoxin-like,ProLLaMA
133,3.999578266141155,17.461729323308266,0.10977443609022569,6.0973119735717765,0.0,2,1.0,Thioredoxin-like_superfamily_029|Thioredoxin-like,ProLLaMA
199,3.847647837634497,29.906030150753757,-0.11306532663316576,10.08164653778076,0.0,3,2.2439024390243905,Thioredoxin-like_superfamily_030|Thioredoxin-like,ProLLaMA
196,3.9418659111288528,28.497959183673466,-0.24132653061224477,4.763528251647949,0.0,3,1.7906976744186047,Thioredoxin-like_superfamily_031|Thioredoxin-like,ProLLaMA
153,3.9093687478287333,38.40065359477124,0.2189542483660132,4.947118186950683,0.0,3,1.9714285714285715,Thioredoxin-like_superfamily_032|Thioredoxin-like,ProLLaMA
207,3.9922990494304926,43.94444444444444,0.07777777777777796,4.839180946350097,0.0,3,1.9772727272727273,Thioredoxin-like_superfamily_033|Thioredoxin-like,ProLLaMA
198,3.8692383684488396,27.382323232323213,-0.16717171717171708,9.824933433532713,0.0,3,2.4615384615384617,Thioredoxin-like_superfamily_034|Thioredoxin-like,ProLLaMA
237,3.9056148199578806,37.68227848101266,-0.15063291139240514,6.985648536682128,0.0,4,2.7954545454545454,Thioredoxin-like_superfamily_035|Thioredoxin-like,ProLLaMA
185,3.9564775837944426,33.07297297297298,-0.3227027027027028,9.362630653381348,0.0,3,1.5833333333333333,Thioredoxin-like_superfamily_036|Thioredoxin-like,ProLLaMA
173,4.00436164027684,50.77404624277456,-0.0115606936416184,5.608951377868652,0.0,3,2.1052631578947367,Thioredoxin-like_superfamily_037|Thioredoxin-like,ProLLaMA
148,3.854010957363597,56.35405405405405,-0.586486486486487,4.279089546203613,0.0,2,2.423076923076923,Thioredoxin-like_superfamily_038|Thioredoxin-like,ProLLaMA
225,4.095865047679737,36.23475555555555,-0.004444444444444397,8.817034721374515,0.0,3,1.8653846153846154,Thioredoxin-like_superfamily_039|Thioredoxin-like,ProLLaMA
146,3.999917833674585,44.06239726027396,-0.38013698630136983,8.372589683532716,0.0,3,1.794871794871795,Thioredoxin-like_superfamily_040|Thioredoxin-like,ProLLaMA
172,3.9820445869185126,30.881453488372088,-0.16337209302325564,8.461491584777832,0.0,5,2.588235294117647,Thioredoxin-like_superfamily_041|Thioredoxin-like,ProLLaMA
190,3.9891011190075654,33.566842105263156,-0.14421052631578934,6.291417121887207,0.0,3,1.975,Thioredoxin-like_superfamily_042|Thioredoxin-like,ProLLaMA
199,3.980786996550292,21.873869346733652,0.04974874371859303,6.610511207580567,0.0,3,1.509090909090909,Thioredoxin-like_superfamily_043|Thioredoxin-like,ProLLaMA
194,3.9834114070525573,30.519072164948444,0.1030927835051548,5.0578405380249025,0.0,3,1.3076923076923077,Thioredoxin-like_superfamily_044|Thioredoxin-like,ProLLaMA
209,3.798211145274598,32.46602870813396,-0.37559808612440193,8.947518730163576,0.0,3,1.5576923076923077,Thioredoxin-like_superfamily_045|Thioredoxin-like,ProLLaMA
116,3.943744041305193,34.46905172413792,-0.08534482758620687,5.230687904357908,0.0,2,1.7419354838709677,Thioredoxin-like_superfamily_046|Thioredoxin-like,ProLLaMA
256,3.692465334310807,53.25664062500002,-0.5171874999999999,4.0500284194946286,0.0,3,4.0,Thioredoxin-like_superfamily_047|Thioredoxin-like,ProLLaMA
168,3.8911473730626334,56.40238095238092,-0.14226190476190462,4.776146507263183,0.0,5,2.806451612903226,Thioredoxin-like_superfamily_048|Thioredoxin-like,ProLLaMA
165,3.999585719137968,29.629696969696944,0.1030303030303031,4.6791791915893555,0.0,3,1.5,Thioredoxin-like_superfamily_049|Thioredoxin-like,ProLLaMA
174,3.8284377214226795,15.787988505747121,-0.2885057471264368,9.03081188201904,0.0,3,1.3958333333333333,Thioredoxin-like_superfamily_050|Thioredoxin-like,ProLLaMA
246,3.7839787849936095,36.59434959349591,-0.5918699186991871,9.501044273376465,0.0,3,1.2,Thioredoxin-like_superfamily_051|Thioredoxin-like,ProLLaMA
243,3.778289679593496,41.50576131687242,0.29917695473251005,4.736700248718263,0.0,3,1.8,Thioredoxin-like_superfamily_052|Thioredoxin-like,ProLLaMA
201,4.00517697961045,46.3049751243781,-0.14079601990049745,5.507209587097167,0.0,3,2.3783783783783785,Thioredoxin-like_superfamily_053|Thioredoxin-like,ProLLaMA
247,3.9653666788235413,22.949392712550594,-0.3327935222672065,9.481188011169433,0.0,2,1.546875,Thioredoxin-like_superfamily_054|Thioredoxin-like,ProLLaMA
193,3.8509198513659593,40.1082901554404,0.05440414507772031,7.812681770324707,0.0,3,1.8043478260869565,Thioredoxin-like_superfamily_055|Thioredoxin-like,ProLLaMA
159,4.052303064882669,48.40823899371069,-0.4069182389937108,8.48779468536377,0.0,2,2.3636363636363638,Thioredoxin-like_superfamily_056|Thioredoxin-like,ProLLaMA
223,3.9679470911779595,34.265919282511206,-0.06188340807174879,8.68313388824463,0.0,2,1.9574468085106382,Thioredoxin-like_superfamily_057|Thioredoxin-like,ProLLaMA
198,3.8587619516394165,44.58949494949494,-0.5030303030303034,5.258084297180175,0.0,3,2.3947368421052633,Thioredoxin-like_superfamily_058|Thioredoxin-like,ProLLaMA
196,4.0143557538570915,36.30566326530612,-0.06989795918367363,6.723734474182129,0.0,3,1.7906976744186047,Thioredoxin-like_superfamily_059|Thioredoxin-like,ProLLaMA
135,4.007098997533326,50.05555555555554,-0.012592592592592489,7.6834608078002935,0.0,4,1.9411764705882353,Thioredoxin-like_superfamily_060|Thioredoxin-like,ProLLaMA
213,3.5190466413425767,55.657323943661936,-0.12816901408450698,9.253550148010252,0.0,6,1.5945945945945945,Thioredoxin-like_superfamily_061|Thioredoxin-like,ProLLaMA
136,3.781003934658212,35.4875,0.5705882352941178,4.80951099395752,0.0,3,1.3170731707317074,Thioredoxin-like_superfamily_062|Thioredoxin-like,ProLLaMA
137,3.936220289770673,45.540875912408744,-0.05912408759124083,5.547337913513183,0.0,2,2.28125,Thioredoxin-like_superfamily_063|Thioredoxin-like,ProLLaMA
185,3.9724558210033423,28.238378378378364,-0.22324324324324307,9.498401069641115,0.0,4,2.051282051282051,Thioredoxin-like_superfamily_064|Thioredoxin-like,ProLLaMA
160,4.0592493641478296,24.325687499999987,-0.12937500000000007,5.847277259826659,0.0,3,1.1914893617021276,Thioredoxin-like_superfamily_066|Thioredoxin-like,ProLLaMA
162,4.026131469670905,26.601234567901223,-0.224074074074074,8.181827735900882,0.0,2,1.8888888888888888,Thioredoxin-like_superfamily_067|Thioredoxin-like,ProLLaMA
187,4.009297065330002,24.019251336898385,-0.2133689839572193,9.017724800109864,0.0,2,2.324324324324324,Thioredoxin-like_superfamily_068|Thioredoxin-like,ProLLaMA
188,3.9167504476125936,18.28457446808509,-0.22021276595744668,9.504009819030763,0.0,3,1.2407407407407407,Thioredoxin-like_superfamily_069|Thioredoxin-like,ProLLaMA
195,4.020165710891076,22.87082051282049,-0.33948717948717944,10.158299446105957,0.0,3,2.175,Thioredoxin-like_superfamily_070|Thioredoxin-like,ProLLaMA
210,3.945815182836296,31.563333333333322,-0.06333333333333334,5.0989351272583,0.0,2,1.3333333333333333,Thioredoxin-like_superfamily_071|Thioredoxin-like,ProLLaMA
164,3.922654905888455,50.28841463414634,0.06890243902439025,4.995999717712402,0.0,3,2.8,Thioredoxin-like_superfamily_072|Thioredoxin-like,ProLLaMA
145,3.7677205959752063,28.074482758620686,-0.25379310344827577,9.455980873107912,0.0,3,2.3548387096774195,Thioredoxin-like_superfamily_073|Thioredoxin-like,ProLLaMA
236,3.9812526744656918,34.26699152542373,-0.20042372881355927,9.432901191711426,0.0,4,1.7115384615384615,Thioredoxin-like_superfamily_074|Thioredoxin-like,ProLLaMA
192,3.8992687930991425,45.979687500000004,-0.10104166666666664,4.2290143966674805,0.0,3,2.027027027027027,Thioredoxin-like_superfamily_075|Thioredoxin-like,ProLLaMA
181,3.994263731840352,23.081767955801094,-0.15690607734806628,5.672042655944825,0.0,2,2.05,Thioredoxin-like_superfamily_076|Thioredoxin-like,ProLLaMA
118,4.020975277315091,34.33474576271186,0.2627118644067799,7.6620893478393555,0.0,2,1.6875,Thioredoxin-like_superfamily_077|Thioredoxin-like,ProLLaMA
245,3.3005871182147226,40.15306122448978,-0.9138775510204082,10.292587089538571,0.0,4,5.142857142857143,Thioredoxin-like_superfamily_078|Thioredoxin-like,ProLLaMA
192,4.010496158782061,31.355208333333323,-0.09114583333333344,5.291391944885253,0.0,2,1.7659574468085106,Thioredoxin-like_superfamily_079|Thioredoxin-like,ProLLaMA
236,4.006452217599388,46.514830508474574,-0.30466101694915254,5.671644783020019,0.0,3,1.7966101694915255,Thioredoxin-like_superfamily_080|Thioredoxin-like,ProLLaMA
203,3.9658839113542848,24.538423645320183,-0.21871921182265996,4.946663475036621,0.0,3,1.4807692307692308,Thioredoxin-like_superfamily_081|Thioredoxin-like,ProLLaMA
255,3.6801269412925626,41.19647058823529,-0.5788235294117645,9.586658287048337,0.0,3,2.3,Thioredoxin-like_superfamily_082|Thioredoxin-like,ProLLaMA
164,3.994589315437598,36.13298780487803,-0.04695121951219511,7.7198377609252935,0.0,3,1.5952380952380953,Thioredoxin-like_superfamily_083|Thioredoxin-like,ProLLaMA
178,3.7039550195075646,67.8910674157303,-0.792134831460674,4.0500284194946286,0.0,3,4.894736842105263,Thioredoxin-like_superfamily_084|Thioredoxin-like,ProLLaMA
216,3.9762966898813454,25.84629629629631,-0.3782407407407405,4.415957832336426,0.0,3,1.032258064516129,Thioredoxin-like_superfamily_085|Thioredoxin-like,ProLLaMA
187,3.9672186762107797,41.86048128342246,0.22032085561497336,6.580613899230957,0.0,4,1.1428571428571428,Thioredoxin-like_superfamily_086|Thioredoxin-like,ProLLaMA
159,4.0132696000563035,40.749056603773575,-0.23899371069182382,9.2055212020874,0.0,3,2.6,Thioredoxin-like_superfamily_087|Thioredoxin-like,ProLLaMA
190,3.9822349977502807,41.76684210526315,-0.4163157894736845,4.51769962310791,0.0,3,1.853658536585366,Thioredoxin-like_superfamily_088|Thioredoxin-like,ProLLaMA
138,4.061756612348508,55.95289855072465,-0.11811594202898545,6.253164482116699,0.0,3,1.7666666666666666,Thioredoxin-like_superfamily_089|Thioredoxin-like,ProLLaMA
192,3.910722696189194,39.66197916666667,0.3041666666666668,8.357117271423341,0.0,4,1.5,Thioredoxin-like_superfamily_090|Thioredoxin-like,ProLLaMA
136,3.9460976050506984,49.339705882352945,0.14779411764705896,4.301199913024903,0.0,3,1.8620689655172413,Thioredoxin-like_superfamily_091|Thioredoxin-like,ProLLaMA
175,4.004615180728953,23.621771428571414,-0.043999999999999984,8.729228782653806,0.0,2,1.3137254901960784,Thioredoxin-like_superfamily_092|Thioredoxin-like,ProLLaMA
222,3.80532426678487,37.7694144144144,0.3509009009009005,5.254219245910644,0.0,3,1.8431372549019607,Thioredoxin-like_superfamily_093|Thioredoxin-like,ProLLaMA
240,3.8765736249196086,39.183833333333325,-0.19666666666666668,9.213386344909669,0.0,4,1.3,Thioredoxin-like_superfamily_094|Thioredoxin-like,ProLLaMA
222,4.008807156054634,29.988738738738732,-0.1887387387387388,4.59539852142334,0.0,2,2.0392156862745097,Thioredoxin-like_superfamily_095|Thioredoxin-like,ProLLaMA
97,3.920132443554676,24.55876288659794,-0.6164948453608246,9.561709022521974,0.0,4,2.5555555555555554,Thioredoxin-like_superfamily_096|Thioredoxin-like,ProLLaMA
125,4.082629669892992,39.93607999999998,-0.017599999999999855,5.297132682800293,0.0,3,1.53125,Thioredoxin-like_superfamily_097|Thioredoxin-like,ProLLaMA
168,3.998642403854804,48.38809523809523,-0.4767857142857144,8.888401222229007,0.0,2,2.0,Thioredoxin-like_superfamily_098|Thioredoxin-like,ProLLaMA
126,4.0981536495376485,38.00484126984126,-0.22222222222222202,8.487021064758302,0.0,2,1.368421052631579,Thioredoxin-like_superfamily_099|Thioredoxin-like,ProLLaMA
197,3.9793408126326053,21.973096446700488,-0.03908629441624371,5.154637336730955,0.0,3,1.5681818181818181,Thioredoxin-like_superfamily_100|Thioredoxin-like,ProLLaMA
199,4.071623898112404,41.48748743718591,-0.04472361809045224,8.369430732727054,0.0,4,1.52,Thioredoxin-like_superfamily_101|Thioredoxin-like,ProLLaMA
168,3.9963904887689106,36.46130952380951,0.07083333333333328,4.778192710876465,0.0,3,1.6136363636363635,Thioredoxin-like_superfamily_102|Thioredoxin-like,ProLLaMA
183,3.986873135808801,35.49125683060108,-0.5655737704918036,9.177928733825684,0.0,3,2.3333333333333335,Thioredoxin-like_superfamily_103|Thioredoxin-like,ProLLaMA
129,3.9989768358117543,35.943410852713164,0.1224806201550389,4.250329017639161,0.0,3,1.3888888888888888,Thioredoxin-like_superfamily_104|Thioredoxin-like,ProLLaMA
240,3.9250614745057493,29.307499999999994,-0.2908333333333333,6.618127632141113,0.0,2,2.25,Thioredoxin-like_superfamily_105|Thioredoxin-like,ProLLaMA
235,3.8711728787075863,35.86042553191489,0.02765957446808504,6.31915454864502,0.0,7,1.3157894736842106,Thioredoxin-like_superfamily_106|Thioredoxin-like,ProLLaMA
211,3.964325238177345,40.32274881516589,-0.09004739336492892,8.729228782653806,0.0,2,1.7884615384615385,Thioredoxin-like_superfamily_107|Thioredoxin-like,ProLLaMA
144,3.973561439896599,39.488958333333315,-0.10833333333333336,4.950073814392089,0.0,2,1.1363636363636365,Thioredoxin-like_superfamily_108|Thioredoxin-like,ProLLaMA
224,3.9444900193404435,21.094642857142833,-0.09464285714285704,9.190435600280761,0.0,2,2.056603773584906,Thioredoxin-like_superfamily_109|Thioredoxin-like,ProLLaMA
155,3.7597103139918966,40.77354838709677,-0.42064516129032253,8.92534160614014,0.0,3,1.619047619047619,Thioredoxin-like_superfamily_110|Thioredoxin-like,ProLLaMA
166,3.991360933733289,24.365722891566254,-0.10120481927710838,9.09785900115967,0.0,2,1.7380952380952381,Thioredoxin-like_superfamily_111|Thioredoxin-like,ProLLaMA
150,4.016961303475952,34.37406666666665,-0.0006666666666666939,9.465973472595216,0.0,2,1.6,Thioredoxin-like_superfamily_112|Thioredoxin-like,ProLLaMA
102,3.985747060359807,38.9627450980392,-0.31862745098039197,5.028000068664551,0.0,2,1.6071428571428572,Thioredoxin-like_superfamily_113|Thioredoxin-like,ProLLaMA
210,3.7889014921548627,42.50619047619047,0.04333333333333334,4.461713218688964,0.0,5,2.097560975609756,Thioredoxin-like_superfamily_114|Thioredoxin-like,ProLLaMA
209,4.0164422437594824,36.9846889952153,-0.23444976076555016,9.584144020080565,0.0,3,1.3225806451612903,Thioredoxin-like_superfamily_115|Thioredoxin-like,ProLLaMA
202,3.8410324495215216,53.852475247524744,-0.1806930693069307,10.889693260192868,0.0,3,2.3,Thioredoxin-like_superfamily_116|Thioredoxin-like,ProLLaMA
254,4.065646147476711,29.209842519685036,-0.3551181102362208,4.246407127380372,0.0,3,1.4912280701754386,Thioredoxin-like_superfamily_117|Thioredoxin-like,ProLLaMA
167,3.9114055927649853,38.14131736526945,0.018562874251497004,6.577601432800294,0.0,3,1.9722222222222223,Thioredoxin-like_superfamily_118|Thioredoxin-like,ProLLaMA
196,3.9448272938874984,29.621479591836714,-0.44081632653061237,9.801209068298338,0.0,5,1.9361702127659575,Thioredoxin-like_superfamily_119|Thioredoxin-like,ProLLaMA
175,4.119517099687579,36.633771428571414,-0.5160000000000002,8.459750938415528,0.0,3,1.6,Thioredoxin-like_superfamily_120|Thioredoxin-like,ProLLaMA
151,3.897018594613206,41.10529801324502,-0.20596026490066235,5.904116249084471,0.0,2,1.1063829787234043,Thioredoxin-like_superfamily_121|Thioredoxin-like,ProLLaMA
210,3.960066532457598,32.32671428571428,-0.27476190476190465,6.644330406188964,0.0,3,1.6923076923076923,Thioredoxin-like_superfamily_122|Thioredoxin-like,ProLLaMA
210,3.889450516124166,68.35480952380952,-0.40619047619047627,4.121816062927246,0.0,2,1.9285714285714286,Thioredoxin-like_superfamily_123|Thioredoxin-like,ProLLaMA
199,4.007990519167628,43.85979899497489,-0.478391959798995,4.0500284194946286,0.0,3,1.64,Thioredoxin-like_superfamily_124|Thioredoxin-like,ProLLaMA
230,3.9346894767356773,36.8861304347826,-0.15782608695652173,4.252886772155762,0.0,2,2.1739130434782608,Thioredoxin-like_superfamily_125|Thioredoxin-like,ProLLaMA
187,4.011763854798342,40.31550802139038,-0.26310160427807494,6.6181844711303714,0.0,2,1.5714285714285714,Thioredoxin-like_superfamily_126|Thioredoxin-like,ProLLaMA
189,3.9660360733359785,49.1773015873016,-0.4100529100529101,4.210541725158691,0.0,4,1.8421052631578947,Thioredoxin-like_superfamily_127|Thioredoxin-like,ProLLaMA
183,4.093987964416596,35.03934426229507,-0.08524590163934435,4.854243278503417,0.0,3,1.42,Thioredoxin-like_superfamily_128|Thioredoxin-like,ProLLaMA
216,3.7035222203209446,24.11990740740739,-0.44768518518518524,9.91054744720459,0.0,2,1.456140350877193,Thioredoxin-like_superfamily_129|Thioredoxin-like,ProLLaMA
228,4.023746947001334,22.957982456140346,0.1368421052631579,5.4233720779418935,0.0,3,1.5789473684210527,Thioredoxin-like_superfamily_130|Thioredoxin-like,ProLLaMA
242,3.893199077423593,24.484710743801628,-0.41446280991735573,8.4404748916626,0.0,3,3.2051282051282053,Thioredoxin-like_superfamily_131|Thioredoxin-like,ProLLaMA
175,3.907236363551109,41.09782857142858,-0.33828571428571413,5.412686347961425,0.0,3,1.6122448979591837,Thioredoxin-like_superfamily_132|Thioredoxin-like,ProLLaMA
158,3.9102459418158046,36.19367088607593,-0.5803797468354436,9.149627113342287,0.0,3,1.7179487179487178,Thioredoxin-like_superfamily_133|Thioredoxin-like,ProLLaMA
172,3.864041406600066,27.515755813953483,-0.5005813953488373,9.93124179840088,0.0,2,1.9069767441860466,Thioredoxin-like_superfamily_134|Thioredoxin-like,ProLLaMA
234,3.9816653695220254,37.226495726495735,-0.2782051282051282,4.908581352233886,0.0,4,2.488372093023256,Thioredoxin-like_superfamily_135|Thioredoxin-like,ProLLaMA
147,4.045089403762158,40.32047619047618,-0.061224489795918366,5.383527946472168,0.0,2,1.4090909090909092,Thioredoxin-like_superfamily_136|Thioredoxin-like,ProLLaMA
175,4.068845993535177,22.715428571428557,-0.03199999999999995,8.985168266296387,0.0,2,1.4489795918367347,Thioredoxin-like_superfamily_137|Thioredoxin-like,ProLLaMA
138,4.058603729223109,27.671014492753613,-0.0434782608695652,7.6516309738159185,0.0,2,1.5588235294117647,Thioredoxin-like_superfamily_138|Thioredoxin-like,ProLLaMA
179,3.848195926175619,45.28659217877094,-0.42793296089385535,4.147109413146972,0.0,3,1.320754716981132,Thioredoxin-like_superfamily_139|Thioredoxin-like,ProLLaMA
169,4.002534905699655,20.523076923076907,-0.3106508875739643,9.329816246032717,0.0,4,1.619047619047619,Thioredoxin-like_superfamily_140|Thioredoxin-like,ProLLaMA
187,4.012278916497741,35.45187165775399,-0.058823529411764705,4.9105138778686515,0.0,3,1.7777777777777777,Thioredoxin-like_superfamily_141|Thioredoxin-like,ProLLaMA
138,4.071997555717602,33.258768115942026,0.0014492753623188226,5.104107475280761,0.0,3,1.4736842105263157,Thioredoxin-like_superfamily_142|Thioredoxin-like,ProLLaMA
203,3.963811827761098,29.233497536945784,-0.15172413793103443,4.686454582214354,0.0,2,1.9787234042553192,Thioredoxin-like_superfamily_143|Thioredoxin-like,ProLLaMA
187,3.960347425313118,20.536951871657738,-0.41176470588235303,8.364337730407716,0.0,2,1.46,Thioredoxin-like_superfamily_144|Thioredoxin-like,ProLLaMA
236,3.976716973732325,44.577542372881354,-0.0754237288135593,5.405013084411621,0.0,4,1.46875,Thioredoxin-like_superfamily_145|Thioredoxin-like,ProLLaMA
198,3.924265050270357,43.07828282828281,-0.1954545454545453,9.463459205627444,0.0,5,1.7333333333333334,Thioredoxin-like_superfamily_146|Thioredoxin-like,ProLLaMA
210,3.916595089552802,35.46380952380951,-0.4185714285714291,9.174254035949708,0.0,4,2.0444444444444443,Thioredoxin-like_superfamily_147|Thioredoxin-like,ProLLaMA
211,3.8692656547454636,24.515687203791458,-0.324170616113744,9.345675468444824,0.0,3,1.2241379310344827,Thioredoxin-like_superfamily_148|Thioredoxin-like,ProLLaMA
206,3.9416517107354805,23.913106796116487,-0.42281553398058236,9.65976543426514,0.0,2,1.6470588235294117,Thioredoxin-like_superfamily_149|Thioredoxin-like,ProLLaMA
101,3.7764240308760435,63.88316831683168,0.05247524752475242,6.077645683288574,0.0,2,2.7,ProtGPT2_CheY-like_superfamily_000|CheY-like,ProtGPT2
446,4.0322185568287825,47.675582959641275,-0.9991031390134509,8.5730863571167,0.0,3,1.5203252032520325,ProtGPT2_CheY-like_superfamily_001|CheY-like,ProtGPT2
330,4.099647961905639,38.285151515151526,-0.022727272727272613,4.8292341232299805,0.0,3,1.725,ProtGPT2_CheY-like_superfamily_002|CheY-like,ProtGPT2
234,4.071737852084729,42.48547008547009,-0.20512820512820545,5.910539054870605,0.0,6,2.4878048780487805,ProtGPT2_CheY-like_superfamily_003|CheY-like,ProtGPT2
187,3.9637040216699413,29.34598930481282,-0.10588235294117652,4.821162986755371,0.0,3,1.6326530612244898,ProtGPT2_CheY-like_superfamily_005|CheY-like,ProtGPT2
120,4.14730212889166,60.26424999999998,-0.7308333333333341,6.507177925109862,0.0,3,1.8709677419354838,ProtGPT2_CheY-like_superfamily_006|CheY-like,ProtGPT2
250,3.825992911455567,30.21284,-0.2664000000000004,6.372867393493652,0.0,3,1.6885245901639345,ProtGPT2_CheY-like_superfamily_007|CheY-like,ProtGPT2
303,4.042771121106037,37.956171617161694,0.6174917491749182,9.593491935729979,0.0,3,1.3695652173913044,ProtGPT2_CheY-like_superfamily_008|CheY-like,ProtGPT2
248,3.566609156818573,31.355645161290322,0.22338709677419313,5.331463432312011,0.0,3,3.717948717948718,ProtGPT2_CheY-like_superfamily_009|CheY-like,ProtGPT2
385,4.040763257844985,45.00963636363635,-0.2070129870129873,5.2626314163208,0.0,3,2.5949367088607596,ProtGPT2_CheY-like_superfamily_010|CheY-like,ProtGPT2
268,3.9949619939360344,45.83585820895522,0.3436567164179098,8.57089443206787,0.0,3,1.3132530120481927,ProtGPT2_CheY-like_superfamily_011|CheY-like,ProtGPT2
157,4.042574856689668,31.522929936305722,-0.18662420382165593,5.222048377990721,0.0,3,1.037037037037037,ProtGPT2_CheY-like_superfamily_012|CheY-like,ProtGPT2
382,3.9577545415743343,58.95235602094245,0.055235602094240756,6.603633689880372,0.0,4,2.8970588235294117,ProtGPT2_CheY-like_superfamily_013|CheY-like,ProtGPT2
368,4.067612005935068,74.43369565217398,-0.4288043478260871,6.969222068786621,0.0,5,2.5873015873015874,ProtGPT2_CheY-like_superfamily_014|CheY-like,ProtGPT2
148,3.9243794439676196,45.610945945945936,0.6128378378378373,8.70988826751709,0.0,3,0.7619047619047619,ProtGPT2_CheY-like_superfamily_015|CheY-like,ProtGPT2
472,4.131989214666586,59.23093220338989,-0.665042372881355,8.919474983215334,0.0,3,2.521276595744681,ProtGPT2_CheY-like_superfamily_016|CheY-like,ProtGPT2
159,4.010530889397928,74.3201257861635,-0.44339622641509463,9.741124534606932,0.0,3,2.2413793103448274,ProtGPT2_CheY-like_superfamily_017|CheY-like,ProtGPT2
398,4.060566988283108,51.11180904522612,-0.8467336683417075,8.5648344039917,0.0,3,3.1029411764705883,ProtGPT2_CheY-like_superfamily_018|CheY-like,ProtGPT2
156,3.769415640959537,45.47448717948716,1.1807692307692312,9.33574733734131,0.0,3,0.7611940298507462,ProtGPT2_CheY-like_superfamily_019|CheY-like,ProtGPT2
373,3.9745950431236343,40.918230563002666,-0.2721179624664885,7.167646980285644,0.0,3,3.21875,ProtGPT2_CheY-like_superfamily_020|CheY-like,ProtGPT2
351,4.040319290180266,43.45641025641026,-0.2698005698005697,5.474527168273925,0.0,3,1.7536231884057971,ProtGPT2_CheY-like_superfamily_021|CheY-like,ProtGPT2
183,3.8898537243376823,45.05584699453553,-0.15300546448087426,5.268031120300292,0.0,3,1.25,ProtGPT2_CheY-like_superfamily_022|CheY-like,ProtGPT2
188,3.87775129921679,26.707978723404242,0.3749999999999991,6.273853874206543,0.0,3,2.024390243902439,ProtGPT2_CheY-like_superfamily_024|CheY-like,ProtGPT2
467,3.842550893000576,61.54584582441123,-1.626766595289075,4.496953392028809,0.0,5,4.0,ProtGPT2_CheY-like_superfamily_025|CheY-like,ProtGPT2
327,3.883287924993105,39.97737003058104,0.059633027522935235,6.202123069763183,0.0,4,3.3076923076923075,ProtGPT2_CheY-like_superfamily_026|CheY-like,ProtGPT2
90,4.004532753457708,29.358888888888885,0.026666666666666672,8.68584156036377,0.0,3,1.5769230769230769,ProtGPT2_CheY-like_superfamily_027|CheY-like,ProtGPT2
98,4.023544088003151,38.49285714285713,-0.2581632653061223,5.354881095886231,0.0,2,2.272727272727273,ProtGPT2_CheY-like_superfamily_028|CheY-like,ProtGPT2
224,3.8187350481218463,32.89915178571428,0.7977678571428575,8.22727794647217,0.0,3,2.0784313725490198,ProtGPT2_CheY-like_superfamily_029|CheY-like,ProtGPT2
207,3.038728708017883,86.85942028985504,-0.8082125603864729,11.711342811584473,0.00966183574879227,8,22.0,ProtGPT2_CheY-like_superfamily_030|CheY-like,ProtGPT2
116,3.529137504293448,48.37155172413792,-0.9206896551724139,11.999967765808105,0.0,4,2.4375,ProtGPT2_CheY-like_superfamily_031|CheY-like,ProtGPT2
353,4.046627793538601,37.21189801699716,-0.3107648725212465,7.198510551452637,0.0,3,2.3815789473684212,ProtGPT2_CheY-like_superfamily_032|CheY-like,ProtGPT2
220,4.032904850025869,73.41681818181819,-1.074999999999999,9.453337669372559,0.0,4,3.121212121212121,ProtGPT2_CheY-like_superfamily_033|CheY-like,ProtGPT2
198,4.114205830546629,28.28333333333332,-0.3196969696969698,4.494509315490721,0.0,4,1.880952380952381,ProtGPT2_CheY-like_superfamily_034|CheY-like,ProtGPT2
150,3.8159199911584,36.1,-0.0426666666666667,9.515420722961426,0.0,3,3.869565217391304,ProtGPT2_CheY-like_superfamily_036|CheY-like,ProtGPT2
333,4.008152804019968,40.71234234234235,-0.7252252252252249,8.808589363098147,0.0,3,1.7666666666666666,ProtGPT2_CheY-like_superfamily_037|CheY-like,ProtGPT2
315,3.0759442166321724,116.17714285714321,-0.5279365079365075,11.999967765808105,0.0,7,4.884615384615385,ProtGPT2_CheY-like_superfamily_038|CheY-like,ProtGPT2
465,4.077761687443703,41.320860215053756,0.10215053763440848,5.205735588073729,0.0,3,1.9504950495049505,ProtGPT2_CheY-like_superfamily_039|CheY-like,ProtGPT2
186,4.111251440740176,46.56935483870968,-0.3903225806451616,4.801326179504395,0.0,3,2.238095238095238,ProtGPT2_CheY-like_superfamily_040|CheY-like,ProtGPT2
246,4.149100257984926,45.94552845528455,-0.17845528455284548,7.163668251037598,0.0,3,1.7377049180327868,ProtGPT2_CheY-like_superfamily_041|CheY-like,ProtGPT2
257,4.075416448470097,23.3031906614786,-0.37431906614786037,4.863110160827636,0.0,2,1.2698412698412698,ProtGPT2_CheY-like_superfamily_042|CheY-like,ProtGPT2
133,3.2016725179038765,49.55338345864661,-0.43834586466165437,4.735506629943848,0.0,7,13.75,ProtGPT2_CheY-like_superfamily_043|CheY-like,ProtGPT2
208,3.988534565614497,34.816826923076924,-0.1317307692307691,4.811670875549316,0.0,2,1.6875,ProtGPT2_CheY-like_superfamily_044|CheY-like,ProtGPT2
104,3.493339457292849,83.11250000000001,-0.8471153846153847,4.469386482238768,0.0,6,4.7272727272727275,ProtGPT2_CheY-like_superfamily_046|CheY-like,ProtGPT2
318,4.122127261145841,48.18490566037735,-0.22830188679245336,8.857391929626463,0.0,4,1.9487179487179487,ProtGPT2_CheY-like_superfamily_047|CheY-like,ProtGPT2
207,3.877784278066412,23.881256038647336,1.017874396135266,10.246169853210446,0.0,2,0.8313253012048193,ProtGPT2_CheY-like_superfamily_048|CheY-like,ProtGPT2
275,3.41617012084765,57.274909090909084,-0.22872727272727275,8.963377952575684,0.0,6,6.857142857142857,ProtGPT2_CheY-like_superfamily_050|CheY-like,ProtGPT2
160,3.405251285082756,51.24374999999999,0.33187499999999953,11.78045291900635,0.0,3,3.48,ProtGPT2_CheY-like_superfamily_051|CheY-like,ProtGPT2
330,3.6634867973360885,40.84154545454545,0.8203030303030311,10.526865196228027,0.0,3,2.566666666666667,ProtGPT2_CheY-like_superfamily_052|CheY-like,ProtGPT2
203,4.150215032121868,47.5167487684729,0.14088669950738916,8.482121467590332,0.0,3,1.5357142857142858,ProtGPT2_CheY-like_superfamily_053|CheY-like,ProtGPT2
305,3.8028045102323222,41.586229508196716,0.20163934426229455,6.200758934020995,0.0,5,3.076923076923077,ProtGPT2_CheY-like_superfamily_054|CheY-like,ProtGPT2
247,3.780539362946931,34.8834008097166,0.12591093117408916,6.560151863098144,0.0,4,1.8478260869565217,ProtGPT2_CheY-like_superfamily_055|CheY-like,ProtGPT2
462,3.909753003126668,47.03313852813854,-0.570995670995671,4.777794837951659,0.0,3,1.763157894736842,ProtGPT2_CheY-like_superfamily_056|CheY-like,ProtGPT2
272,4.0874626385239345,35.75404411764705,-0.36213235294117685,9.222927665710447,0.0,3,2.7254901960784315,ProtGPT2_CheY-like_superfamily_057|CheY-like,ProtGPT2
402,4.053976371232748,35.12912935323384,-0.6669154228855718,4.0500284194946286,0.0,3,2.1012658227848102,ProtGPT2_CheY-like_superfamily_059|CheY-like,ProtGPT2
360,3.8857995276472104,63.28500000000002,-1.1911111111111101,4.8649290084838865,0.0,3,4.829268292682927,ProtGPT2_CheY-like_superfamily_061|CheY-like,ProtGPT2
97,4.00763037114066,35.8742268041237,-0.11855670103092777,4.768871116638183,0.0,3,2.473684210526316,ProtGPT2_CheY-like_superfamily_062|CheY-like,ProtGPT2
385,4.127505530844943,32.681038961038965,-0.3974025974025974,4.0500284194946286,0.0,3,1.268041237113402,ProtGPT2_CheY-like_superfamily_063|CheY-like,ProtGPT2
238,3.9487610086740585,23.682352941176454,-0.15042016806722672,4.65905818939209,0.0,4,1.1333333333333333,ProtGPT2_CheY-like_superfamily_064|CheY-like,ProtGPT2
290,3.925126130633981,24.365862068965505,0.8334482758620694,9.095538139343262,0.0,3,1.5974025974025974,ProtGPT2_CheY-like_superfamily_065|CheY-like,ProtGPT2
123,3.7713355770681263,26.236585365853642,-0.13658536585365852,6.291587638854981,0.0,2,4.0588235294117645,ProtGPT2_CheY-like_superfamily_066|CheY-like,ProtGPT2
251,3.981348442145507,39.75501992031871,-0.22788844621513948,6.862137413024903,0.0,2,1.6111111111111112,ProtGPT2_CheY-like_superfamily_067|CheY-like,ProtGPT2
136,3.9530385506539387,27.8985294117647,0.8044117647058823,6.102484321594236,0.0,4,1.3488372093023255,ProtGPT2_CheY-like_superfamily_068|CheY-like,ProtGPT2
293,3.9097841608328157,72.7310580204778,-1.017406143344709,5.425929832458496,0.0,4,3.361111111111111,ProtGPT2_CheY-like_superfamily_069|CheY-like,ProtGPT2
430,3.8875565612990943,74.1093255813956,-0.18023255813953487,7.848010444641113,0.0,7,1.5869565217391304,ProtGPT2_CheY-like_superfamily_070|CheY-like,ProtGPT2
448,4.168994367569548,36.479933035714275,-0.5796875000000004,7.984103202819825,0.0,3,1.773109243697479,ProtGPT2_CheY-like_superfamily_071|CheY-like,ProtGPT2
278,3.9832307495081847,52.641366906474815,-0.30431654676259023,5.25717487335205,0.0,3,2.3620689655172415,ProtGPT2_CheY-like_superfamily_073|CheY-like,ProtGPT2
241,3.3055337885399196,67.24398340248956,-0.29792531120331933,5.303839683532714,0.12863070539419086,19,2.375,ProtGPT2_CheY-like_superfamily_074|CheY-like,ProtGPT2
324,4.056360438671544,50.08796296296294,0.48086419753086423,9.642294502258299,0.0,4,1.7976190476190477,ProtGPT2_CheY-like_superfamily_075|CheY-like,ProtGPT2
175,3.321912387353824,61.711428571428556,-0.6188571428571428,4.66087703704834,0.0,3,5.428571428571429,ProtGPT2_CheY-like_superfamily_076|CheY-like,ProtGPT2
164,3.8759207594047576,71.43658536585366,-0.35243902439024377,4.0500284194946286,0.0,2,1.9444444444444444,ProtGPT2_CheY-like_superfamily_077|CheY-like,ProtGPT2
104,3.5527188764644606,32.17211538461539,0.31923076923076876,6.240546226501464,0.0,3,4.076923076923077,ProtGPT2_CheY-like_superfamily_078|CheY-like,ProtGPT2
478,4.07217147146406,42.26820083682007,-0.0029288702928870424,5.6493638992309565,0.0,5,2.467391304347826,ProtGPT2_CheY-like_superfamily_079|CheY-like,ProtGPT2
298,4.037450020963153,50.729966442953035,-0.4567114093959741,6.1440336227416985,0.0,3,1.9295774647887325,ProtGPT2_CheY-like_superfamily_080|CheY-like,ProtGPT2
460,4.174881034952052,51.783934782608746,-0.42630434782608706,8.86519260406494,0.0,4,1.6782608695652175,ProtGPT2_CheY-like_superfamily_081|CheY-like,ProtGPT2
301,3.958681316532255,20.639534883720923,0.5435215946843854,4.663889503479004,0.0,2,1.0961538461538463,ProtGPT2_CheY-like_superfamily_082|CheY-like,ProtGPT2
230,3.9165221824033076,53.80739130434781,-0.30782608695652175,5.769919395446778,0.0,3,3.1666666666666665,ProtGPT2_CheY-like_superfamily_083|CheY-like,ProtGPT2
123,3.8134867689115914,76.3983739837398,-0.2837398373983738,6.289541435241699,0.0,2,2.259259259259259,ProtGPT2_CheY-like_superfamily_084|CheY-like,ProtGPT2
119,4.137448373464167,52.9463025210084,-0.434453781512605,9.45404682159424,0.0,2,2.185185185185185,ProtGPT2_CheY-like_superfamily_085|CheY-like,ProtGPT2
133,3.9819397201808586,63.39548872180453,-0.606015037593985,6.4747228622436515,0.0,3,2.076923076923077,ProtGPT2_CheY-like_superfamily_088|CheY-like,ProtGPT2
261,3.9568805718893465,26.400766283524895,0.6551724137931034,9.323176002502443,0.0,3,1.5820895522388059,ProtGPT2_CheY-like_superfamily_089|CheY-like,ProtGPT2
238,3.789082584669092,33.2386974789916,-0.5016806722689079,8.86390323638916,0.0,4,1.1971830985915493,ProtGPT2_CheY-like_superfamily_090|CheY-like,ProtGPT2
243,3.999519799374774,39.971646090534975,-0.07818930041152257,9.274695777893069,0.0,4,2.4893617021276597,ProtGPT2_CheY-like_superfamily_091|CheY-like,ProtGPT2
448,3.6743516922576442,67.96049107142889,-0.5857142857142843,6.191607856750489,0.0,4,7.388888888888889,ProtGPT2_CheY-like_superfamily_092|CheY-like,ProtGPT2
294,4.014406417957677,43.68503401360545,0.1768707482993194,5.783333396911621,0.0,4,2.0,ProtGPT2_CheY-like_superfamily_093|CheY-like,ProtGPT2
91,3.5346366003882266,35.03406593406593,-1.02967032967033,5.928557014465332,0.0,4,13.4,ProtGPT2_CheY-like_superfamily_094|CheY-like,ProtGPT2
311,3.8268522799382167,83.4485530546625,-1.1909967845659162,6.497344779968262,0.01607717041800643,12,3.263157894736842,ProtGPT2_CheY-like_superfamily_095|CheY-like,ProtGPT2
108,3.655284608061871,77.37129629629628,-1.0018518518518518,4.512072563171387,0.0,2,4.230769230769231,ProtGPT2_CheY-like_superfamily_096|CheY-like,ProtGPT2
165,3.772779748028478,65.12181818181818,0.5818181818181809,8.84449825286865,0.0,4,1.619047619047619,ProtGPT2_CheY-like_superfamily_097|CheY-like,ProtGPT2
141,4.0178698246855635,37.52695035460992,-0.4588652482269503,8.829348182678224,0.0,3,2.1379310344827585,ProtGPT2_CheY-like_superfamily_098|CheY-like,ProtGPT2
229,3.7243061785455627,38.151572052401725,-0.24061135371179035,5.802658653259278,0.0,4,2.7,ProtGPT2_CheY-like_superfamily_099|CheY-like,ProtGPT2
182,3.538262671395747,98.01263736263734,-1.3456043956043968,11.999967765808105,0.01098901098901099,9,5.8,ProtGPT2_CheY-like_superfamily_100|CheY-like,ProtGPT2
90,3.8083078161026003,41.442222222222206,0.8155555555555551,10.946747779846191,0.0,2,1.4,ProtGPT2_CheY-like_superfamily_102|CheY-like,ProtGPT2
129,3.783887183990213,46.26356589147286,0.5736434108527128,5.804306983947753,0.0,3,1.5454545454545454,ProtGPT2_CheY-like_superfamily_103|CheY-like,ProtGPT2
159,3.7763476002359133,48.37358490566038,0.8452830188679246,10.475290489196777,0.0,3,2.5294117647058822,ProtGPT2_CheY-like_superfamily_104|CheY-like,ProtGPT2
336,3.511990678214603,32.34434523809522,0.27440476190476226,9.835570716857909,0.0,4,3.056603773584906,ProtGPT2_CheY-like_superfamily_105|CheY-like,ProtGPT2
141,3.958390822029525,22.626950354609928,-0.6929078014184405,8.549297523498538,0.0,3,1.7741935483870968,ProtGPT2_CheY-like_superfamily_107|CheY-like,ProtGPT2
345,4.09913788971112,37.80231884057972,-0.7046376811594204,5.6638578414917,0.0,3,1.4666666666666666,ProtGPT2_CheY-like_superfamily_108|CheY-like,ProtGPT2
429,4.114635923528883,42.65687645687644,-0.1279720279720279,5.423258399963378,0.0,3,2.269662921348315,ProtGPT2_CheY-like_superfamily_109|CheY-like,ProtGPT2
120,3.889820593663372,14.20833333333333,0.14999999999999974,4.758185386657714,0.0,3,1.6896551724137931,ProtGPT2_CheY-like_superfamily_110|CheY-like,ProtGPT2
135,3.7328090231634685,20.031851851851844,-0.13703703703703674,8.829863929748537,0.0,3,3.35,ProtGPT2_CheY-like_superfamily_112|CheY-like,ProtGPT2
439,3.9471059359708507,47.97699316628701,-0.46013667425968136,5.327768898010253,0.0,4,3.203125,ProtGPT2_CheY-like_superfamily_113|CheY-like,ProtGPT2
149,4.055540938664525,38.10879194630872,-1.1651006711409402,10.423135566711426,0.0,3,3.2916666666666665,ProtGPT2_CheY-like_superfamily_114|CheY-like,ProtGPT2
113,3.806023492945816,35.80548672566371,0.5867256637168139,8.906581306457518,0.0,3,0.6181818181818182,ProtGPT2_CheY-like_superfamily_115|CheY-like,ProtGPT2
401,4.044220309791508,47.54638403990026,-0.15261845386533662,7.753145408630371,0.0,4,2.6315789473684212,ProtGPT2_CheY-like_superfamily_116|CheY-like,ProtGPT2
421,3.484865896086579,38.367980997624706,-0.48289786223278003,9.973984336853025,0.0,4,1.1793103448275861,ProtGPT2_CheY-like_superfamily_117|CheY-like,ProtGPT2
290,3.668369583141074,48.53793103448275,-0.041034482758620636,10.143213844299318,0.0,3,3.234042553191489,ProtGPT2_CheY-like_superfamily_118|CheY-like,ProtGPT2
338,4.19068664905386,42.87133136094672,-0.4103550295857992,8.883566093444827,0.0,3,1.3298969072164948,ProtGPT2_CheY-like_superfamily_119|CheY-like,ProtGPT2
194,3.8525596575321597,33.68092783505155,-0.1206185567010308,7.539544486999512,0.0,3,1.305084745762712,ProtGPT2_CheY-like_superfamily_120|CheY-like,ProtGPT2
188,3.688250597450739,18.587819148936163,0.9297872340425534,8.994193840026856,0.0,4,0.7341772151898734,ProtGPT2_CheY-like_superfamily_121|CheY-like,ProtGPT2
216,4.209919112066591,42.784305555555555,-0.30833333333333346,6.212922477722167,0.0,3,1.4067796610169492,ProtGPT2_CheY-like_superfamily_122|CheY-like,ProtGPT2
451,3.828701429068204,41.9720620842572,-1.0616407982261622,10.099633216857907,0.0,7,5.421052631578948,ProtGPT2_CheY-like_superfamily_125|CheY-like,ProtGPT2
438,4.0203287965388235,31.772374429223746,0.6545662100456638,9.222282981872556,0.0,3,1.2014925373134329,ProtGPT2_CheY-like_superfamily_126|CheY-like,ProtGPT2
203,4.174813284968947,26.79014778325123,-0.40443349753694585,6.044451713562012,0.0,2,1.42,ProtGPT2_CheY-like_superfamily_127|CheY-like,ProtGPT2
128,3.9744685653936647,30.705468749999984,0.24140625000000013,5.400352287292479,0.0,3,1.9310344827586208,ProtGPT2_CheY-like_superfamily_128|CheY-like,ProtGPT2
191,4.113681215452024,60.52356020942408,-0.4125654450261782,5.984600257873535,0.0,2,1.625,ProtGPT2_CheY-like_superfamily_129|CheY-like,ProtGPT2
257,4.14555282228695,32.77081712062257,-0.49182879377431943,6.139543342590332,0.0,3,2.673076923076923,ProtGPT2_CheY-like_superfamily_130|CheY-like,ProtGPT2
214,4.025385615526632,53.1266355140187,0.1971962616822425,10.38838710784912,0.0,3,1.6551724137931034,ProtGPT2_CheY-like_superfamily_131|CheY-like,ProtGPT2
360,3.718292682652743,42.80583333333332,-1.2352777777777764,4.376795768737793,0.0,3,6.346153846153846,ProtGPT2_CheY-like_superfamily_132|CheY-like,ProtGPT2
214,3.9753278205418816,65.49443925233642,-0.34859813084112173,7.905451774597168,0.0,4,2.5,ProtGPT2_CheY-like_superfamily_133|CheY-like,ProtGPT2
143,3.997053854272775,63.593006993006995,-0.6804195804195805,11.162910270690915,0.0,3,2.76,ProtGPT2_CheY-like_superfamily_135|CheY-like,ProtGPT2
422,4.045997261114096,23.425379146919425,0.1218009478672988,8.935914421081545,0.0,6,1.3333333333333333,ProtGPT2_CheY-like_superfamily_136|CheY-like,ProtGPT2
331,4.025829718826861,55.67861027190332,0.4882175226586108,10.282207679748534,0.0,3,1.6428571428571428,ProtGPT2_CheY-like_superfamily_138|CheY-like,ProtGPT2
115,4.0240081232871505,19.953130434782608,-0.3191304347826086,4.869646644592284,0.0,2,1.5625,ProtGPT2_CheY-like_superfamily_139|CheY-like,ProtGPT2
298,3.9804178708109763,51.239932885906036,-0.2909395973154367,9.531537818908692,0.0,3,1.706896551724138,ProtGPT2_CheY-like_superfamily_140|CheY-like,ProtGPT2
219,3.8949135193878073,35.163972602739726,0.5958904109589043,11.310284996032717,0.0,3,1.7,ProtGPT2_CheY-like_superfamily_141|CheY-like,ProtGPT2
160,2.9552559441716637,122.85624999999996,-1.918749999999998,4.429201316833496,0.19375,20,26.0,ProtGPT2_CheY-like_superfamily_142|CheY-like,ProtGPT2
177,3.578078131116883,45.224858757062144,0.16271186440677887,10.957578468322755,0.0,3,4.478260869565218,ProtGPT2_CheY-like_superfamily_143|CheY-like,ProtGPT2
448,3.849948169965012,40.03705357142857,-0.09352678571428583,4.903011131286621,0.0,2,2.8076923076923075,ProtGPT2_CheY-like_superfamily_144|CheY-like,ProtGPT2
468,3.92934177377369,45.557072649572646,-0.114957264957265,6.520932960510254,0.0,4,3.3466666666666667,ProtGPT2_CheY-like_superfamily_145|CheY-like,ProtGPT2
221,4.1046352996161435,54.977828054298634,-0.12307692307692307,9.142793464660645,0.0,4,1.4461538461538461,ProtGPT2_CheY-like_superfamily_146|CheY-like,ProtGPT2
197,3.7446997471801415,36.62233502538071,-0.2446700507614213,4.852481269836424,0.0,3,3.1818181818181817,ProtGPT2_CheY-like_superfamily_147|CheY-like,ProtGPT2
222,3.808380561121743,24.460360360360344,0.9072072072072077,8.857778739929199,0.0,3,1.596774193548387,ProtGPT2_CheY-like_superfamily_148|CheY-like,ProtGPT2
385,4.03565367508058,71.58389610389627,-1.153766233766235,7.132634162902832,0.0,5,2.6545454545454548,ProtGPT2_CheY-like_superfamily_149|CheY-like,ProtGPT2
425,3.986375166141024,36.79649411764706,-0.37152941176470483,8.42261714935303,0.0,4,3.2465753424657535,ProtGPT2_Thioredoxin-like_superfamily_000|Thioredoxin-like,ProtGPT2
300,3.981016709936063,36.00639999999999,0.7510000000000003,9.978754997253418,0.0,3,1.2476190476190476,ProtGPT2_Thioredoxin-like_superfamily_001|Thioredoxin-like,ProtGPT2
162,3.6746067570560776,28.5901234567901,1.017283950617283,10.39238414764404,0.0,3,1.4772727272727273,ProtGPT2_Thioredoxin-like_superfamily_002|Thioredoxin-like,ProtGPT2
366,3.884587438137467,38.90573770491802,-0.31557377049180396,10.20607051849365,0.0,2,2.6610169491525424,ProtGPT2_Thioredoxin-like_superfamily_003|Thioredoxin-like,ProtGPT2
309,3.585872470272669,42.344045307443366,-0.427184466019418,9.809396553039551,0.0,3,1.1262135922330097,ProtGPT2_Thioredoxin-like_superfamily_004|Thioredoxin-like,ProtGPT2
316,4.035268050619737,46.999398734177234,0.333227848101266,6.28925724029541,0.0,2,1.1442307692307692,ProtGPT2_Thioredoxin-like_superfamily_005|Thioredoxin-like,ProtGPT2
167,3.7113671178749303,21.089221556886216,-0.4497005988023957,11.446313285827639,0.0,2,2.0,ProtGPT2_Thioredoxin-like_superfamily_006|Thioredoxin-like,ProtGPT2
250,3.797087567960281,63.69720000000002,-0.5280000000000002,8.189048194885256,0.0,3,3.75,ProtGPT2_Thioredoxin-like_superfamily_007|Thioredoxin-like,ProtGPT2
246,3.8877060212136465,62.138617886178864,-0.6016260162601622,4.62683048248291,0.0,4,3.888888888888889,ProtGPT2_Thioredoxin-like_superfamily_008|Thioredoxin-like,ProtGPT2
174,4.127205004423133,38.86724137931034,-0.04425287356321837,8.900005531311038,0.0,2,1.5208333333333333,ProtGPT2_Thioredoxin-like_superfamily_009|Thioredoxin-like,ProtGPT2
112,3.757818755210399,53.815178571428554,0.3776785714285714,7.730864524841309,0.0,3,2.4166666666666665,ProtGPT2_Thioredoxin-like_superfamily_010|Thioredoxin-like,ProtGPT2
135,3.7761244282522513,31.15333333333332,-0.9259259259259259,8.705504417419434,0.0,3,1.5483870967741935,ProtGPT2_Thioredoxin-like_superfamily_011|Thioredoxin-like,ProtGPT2
316,3.8563805270799847,38.12882911392404,0.6604430379746837,10.176801872253417,0.0,3,1.7228915662650603,ProtGPT2_Thioredoxin-like_superfamily_013|Thioredoxin-like,ProtGPT2
323,3.9693228747417773,31.890402476780178,0.05572755417956656,4.21344051361084,0.0,3,1.4588235294117646,ProtGPT2_Thioredoxin-like_superfamily_014|Thioredoxin-like,ProtGPT2
198,3.2368082751145297,79.55909090909091,-0.3787878787878788,4.0500284194946286,0.0,6,5.388888888888889,ProtGPT2_Thioredoxin-like_superfamily_015|Thioredoxin-like,ProtGPT2
150,3.954320624912022,55.416666666666664,-0.5393333333333332,8.61215419769287,0.0,3,3.6,ProtGPT2_Thioredoxin-like_superfamily_016|Thioredoxin-like,ProtGPT2
363,4.120348013643819,22.963388429752065,-0.3685950413223141,8.96015453338623,0.0,3,0.9727272727272728,ProtGPT2_Thioredoxin-like_superfamily_018|Thioredoxin-like,ProtGPT2
267,4.031737938921631,51.612397003745336,-0.3513108614232214,6.610909080505372,0.0,2,1.2784810126582278,ProtGPT2_Thioredoxin-like_superfamily_019|Thioredoxin-like,ProtGPT2
112,3.9051141803325744,33.17598214285713,0.6044642857142853,4.953540992736816,0.0,3,1.4545454545454546,ProtGPT2_Thioredoxin-like_superfamily_020|Thioredoxin-like,ProtGPT2
182,4.004330737520594,59.586263736263724,-0.3692307692307695,10.305029487609861,0.0,3,2.2777777777777777,ProtGPT2_Thioredoxin-like_superfamily_021|Thioredoxin-like,ProtGPT2
262,3.8458593152297524,49.292366412213745,-0.7641221374045805,10.143342781066895,0.011450381679389313,9,1.5490196078431373,ProtGPT2_Thioredoxin-like_superfamily_023|Thioredoxin-like,ProtGPT2
269,3.9298237375537486,28.05167286245353,-0.6249070631970262,8.572054862976074,0.0,4,3.675,ProtGPT2_Thioredoxin-like_superfamily_024|Thioredoxin-like,ProtGPT2
414,3.9622780422148813,27.31161835748793,-0.267149758454107,6.551114463806152,0.0,7,2.073170731707317,ProtGPT2_Thioredoxin-like_superfamily_025|Thioredoxin-like,ProtGPT2
420,4.0572845101266966,55.09000000000005,-0.439285714285714,5.484701347351074,0.0,4,3.4705882352941178,ProtGPT2_Thioredoxin-like_superfamily_026|Thioredoxin-like,ProtGPT2
313,3.952598794788785,45.19552715654952,-0.11853035143769998,6.837867164611817,0.0,3,3.1,ProtGPT2_Thioredoxin-like_superfamily_028|Thioredoxin-like,ProtGPT2
201,4.046578838818954,56.90646766169155,0.17462686567164165,9.297968864440918,0.0,3,2.0,ProtGPT2_Thioredoxin-like_superfamily_029|Thioredoxin-like,ProtGPT2
331,4.077743834310087,64.21422960725079,-0.22205438066465275,9.003928565979006,0.0,6,1.518987341772152,ProtGPT2_Thioredoxin-like_superfamily_030|Thioredoxin-like,ProtGPT2
362,3.885812411233687,61.82928176795589,-1.8099447513812161,5.1008108139038075,0.0,4,4.454545454545454,ProtGPT2_Thioredoxin-like_superfamily_031|Thioredoxin-like,ProtGPT2
151,3.6775512174059175,29.07417218543045,0.3589403973509934,4.0500284194946286,0.0,2,2.782608695652174,ProtGPT2_Thioredoxin-like_superfamily_033|Thioredoxin-like,ProtGPT2
240,4.154504776442973,57.99541666666665,0.2241666666666666,8.895299339294432,0.0,3,1.646153846153846,ProtGPT2_Thioredoxin-like_superfamily_035|Thioredoxin-like,ProtGPT2
354,3.6787607881637765,85.87457627118673,-1.3449152542372866,11.047060585021974,0.0,4,6.444444444444445,ProtGPT2_Thioredoxin-like_superfamily_036|Thioredoxin-like,ProtGPT2
124,3.937685197181744,36.085483870967735,-0.5467741935483872,5.711488914489746,0.0,2,1.6153846153846154,ProtGPT2_Thioredoxin-like_superfamily_037|Thioredoxin-like,ProtGPT2
171,4.079691641881873,41.767836257309924,-0.2602339181286553,5.459521675109863,0.0,2,2.8333333333333335,ProtGPT2_Thioredoxin-like_superfamily_038|Thioredoxin-like,ProtGPT2
347,4.0566875369006725,23.530835734870315,-0.678962536023055,9.21854381561279,0.0,3,1.4642857142857142,ProtGPT2_Thioredoxin-like_superfamily_040|Thioredoxin-like,ProtGPT2
128,3.6796070181299694,27.404687499999984,-0.5437500000000001,4.287785911560059,0.0,3,3.6923076923076925,ProtGPT2_Thioredoxin-like_superfamily_041|Thioredoxin-like,ProtGPT2
121,3.94180064987574,68.54545454545453,-0.46942148760330593,4.4748430252075195,0.0,3,2.7142857142857144,ProtGPT2_Thioredoxin-like_superfamily_042|Thioredoxin-like,ProtGPT2
142,3.812346165504607,32.22253521126759,0.33802816901408445,4.750171089172363,0.0,4,1.4102564102564104,ProtGPT2_Thioredoxin-like_superfamily_043|Thioredoxin-like,ProtGPT2
158,4.0625417674549995,21.46772151898734,-0.19683544303797454,5.2379064559936515,0.0,3,1.8888888888888888,ProtGPT2_Thioredoxin-like_superfamily_044|Thioredoxin-like,ProtGPT2
407,3.8396268888127274,78.24987714987735,-0.6894348894348884,9.49098720550537,0.0,5,4.725,ProtGPT2_Thioredoxin-like_superfamily_045|Thioredoxin-like,ProtGPT2
241,3.707763724363059,96.56141078838176,-1.232780082987552,10.825998497009277,0.0,7,4.40625,ProtGPT2_Thioredoxin-like_superfamily_047|Thioredoxin-like,ProtGPT2
151,3.8330746627192767,14.81456953642384,0.9364238410596021,8.532858085632324,0.0,3,1.5348837209302326,ProtGPT2_Thioredoxin-like_superfamily_048|Thioredoxin-like,ProtGPT2
339,3.7151893459198146,60.72507374631267,-0.32625368731563453,6.622333717346191,0.0,5,5.057142857142857,ProtGPT2_Thioredoxin-like_superfamily_049|Thioredoxin-like,ProtGPT2
189,3.8902254620289334,52.84497354497354,-0.5597883597883597,4.135002708435058,0.0,3,1.5957446808510638,ProtGPT2_Thioredoxin-like_superfamily_050|Thioredoxin-like,ProtGPT2
369,3.9305516096032243,60.00872628726285,-0.539837398373984,9.20887355804443,0.0,6,2.5142857142857142,ProtGPT2_Thioredoxin-like_superfamily_051|Thioredoxin-like,ProtGPT2
403,3.776195689621076,64.05161290322596,-1.086104218362282,11.450052452087402,0.0,6,7.413793103448276,ProtGPT2_Thioredoxin-like_superfamily_052|Thioredoxin-like,ProtGPT2
371,4.031150182981513,35.25075471698113,0.31994609164420496,5.80282917022705,0.0,3,1.128,ProtGPT2_Thioredoxin-like_superfamily_053|Thioredoxin-like,ProtGPT2
111,4.0427842125179385,33.45315315315314,-0.5774774774774777,6.588059806823731,0.0,2,2.4,ProtGPT2_Thioredoxin-like_superfamily_054|Thioredoxin-like,ProtGPT2
448,4.009849942574844,54.68973214285721,-0.6609374999999992,9.13705577850342,0.0,7,2.763157894736842,ProtGPT2_Thioredoxin-like_superfamily_055|Thioredoxin-like,ProtGPT2
300,4.040787522888035,63.97366666666667,-0.8383333333333329,5.826928901672363,0.006666666666666667,9,2.911111111111111,ProtGPT2_Thioredoxin-like_superfamily_056|Thioredoxin-like,ProtGPT2
297,3.9055988822109464,42.859932659932646,0.5828282828282835,8.552907752990723,0.0,3,1.736842105263158,ProtGPT2_Thioredoxin-like_superfamily_058|Thioredoxin-like,ProtGPT2
117,3.980320492204526,37.23931623931624,-0.017094017094017366,9.51864414215088,0.0,2,1.935483870967742,ProtGPT2_Thioredoxin-like_superfamily_059|Thioredoxin-like,ProtGPT2
314,3.9667439369052935,50.0130891719745,0.6869426751592365,5.701826286315918,0.0,3,1.7088607594936709,ProtGPT2_Thioredoxin-like_superfamily_060|Thioredoxin-like,ProtGPT2
338,4.014429628726988,46.98698224852071,-0.5233727810650874,10.472389411926269,0.0,3,3.0727272727272728,ProtGPT2_Thioredoxin-like_superfamily_061|Thioredoxin-like,ProtGPT2
394,3.653982090280456,51.0388578680203,-0.9733502538071044,10.347900962829588,0.0,3,1.865979381443299,ProtGPT2_Thioredoxin-like_superfamily_062|Thioredoxin-like,ProtGPT2
141,3.1956264472022884,71.25177304964541,-0.14184397163120568,5.275022315979004,0.0,5,11.333333333333334,ProtGPT2_Thioredoxin-like_superfamily_063|Thioredoxin-like,ProtGPT2
116,3.8989386266858763,30.47413793103448,-0.18103448275862072,6.808367729187012,0.0,3,1.4516129032258065,ProtGPT2_Thioredoxin-like_superfamily_064|Thioredoxin-like,ProtGPT2
354,3.7647755969759555,58.039548022598865,-0.3505649717514133,9.37262325286865,0.0,6,5.086956521739131,ProtGPT2_Thioredoxin-like_superfamily_065|Thioredoxin-like,ProtGPT2
276,4.049652259079338,33.940289855072464,-0.31413043478260894,5.430931663513182,0.0,3,1.8636363636363635,ProtGPT2_Thioredoxin-like_superfamily_066|Thioredoxin-like,ProtGPT2
385,3.9650901178736584,52.46680519480519,-0.7306493506493498,4.0500284194946286,0.0,4,2.9014084507042255,ProtGPT2_Thioredoxin-like_superfamily_067|Thioredoxin-like,ProtGPT2
295,4.096308563919808,39.058000000000014,0.4115254237288133,6.775230598449707,0.0,3,1.3452380952380953,ProtGPT2_Thioredoxin-like_superfamily_068|Thioredoxin-like,ProtGPT2
251,4.086223665508439,50.96852589641431,-0.6394422310756974,6.864126777648925,0.00398406374501992,5,2.5434782608695654,ProtGPT2_Thioredoxin-like_superfamily_069|Thioredoxin-like,ProtGPT2
448,3.840371485423014,78.2263392857145,-1.2618303571428562,8.496562385559084,0.0,8,3.4464285714285716,ProtGPT2_Thioredoxin-like_superfamily_070|Thioredoxin-like,ProtGPT2
128,4.084010325757255,70.43359375,-0.5710937500000002,8.50500774383545,0.0,4,3.409090909090909,ProtGPT2_Thioredoxin-like_superfamily_071|Thioredoxin-like,ProtGPT2
394,4.047468872433585,41.938350253807116,-0.6111675126903555,9.130480003356933,0.0,3,1.79,ProtGPT2_Thioredoxin-like_superfamily_072|Thioredoxin-like,ProtGPT2
141,3.9108132764688905,26.26170212765956,-0.7900709219858163,9.663246726989748,0.0,3,2.3793103448275863,ProtGPT2_Thioredoxin-like_superfamily_073|Thioredoxin-like,ProtGPT2
343,3.9895802295553735,42.660932944606394,0.5448979591836735,9.414721107482912,0.0,5,1.0080645161290323,ProtGPT2_Thioredoxin-like_superfamily_074|Thioredoxin-like,ProtGPT2
127,3.5532020517813945,44.421259842519646,0.16377952755905523,4.818093681335449,0.007874015748031496,5,0.6,ProtGPT2_Thioredoxin-like_superfamily_075|Thioredoxin-like,ProtGPT2
327,4.200846214389456,38.75076452599389,-0.3782874617737009,9.174511909484863,0.0,2,2.1780821917808217,ProtGPT2_Thioredoxin-like_superfamily_076|Thioredoxin-like,ProtGPT2
127,4.0878972679612,50.873228346456685,-0.1031496062992125,4.440114402770996,0.0,2,0.9722222222222222,ProtGPT2_Thioredoxin-like_superfamily_077|Thioredoxin-like,ProtGPT2
447,3.9519304638615886,61.187472035794265,-0.09888143176733771,4.581757164001465,0.0,4,2.0625,ProtGPT2_Thioredoxin-like_superfamily_078|Thioredoxin-like,ProtGPT2
274,3.914924239828429,30.110656934306554,-0.275182481751825,9.621277809143066,0.0,2,1.4675324675324675,ProtGPT2_Thioredoxin-like_superfamily_079|Thioredoxin-like,ProtGPT2
451,3.7720408379891346,45.94301552106429,-0.8155210643015516,5.129741859436035,0.0066518847006651885,9,4.595238095238095,ProtGPT2_Thioredoxin-like_superfamily_081|Thioredoxin-like,ProtGPT2
346,4.028705761688127,39.87083815028904,-0.4338150289017344,9.248779487609863,0.0,3,2.090909090909091,ProtGPT2_Thioredoxin-like_superfamily_082|Thioredoxin-like,ProtGPT2
99,4.034931965964665,72.92424242424242,-0.3757575757575756,10.674368858337402,0.0,3,1.8333333333333333,ProtGPT2_Thioredoxin-like_superfamily_083|Thioredoxin-like,ProtGPT2
394,3.378747931928277,55.9944162436548,-1.508375634517763,4.721694755554199,0.015228426395939087,12,5.925,ProtGPT2_Thioredoxin-like_superfamily_084|Thioredoxin-like,ProtGPT2
393,3.759978173893429,83.00916030534376,-0.5264631043256995,5.413879966735839,0.0,6,3.727272727272727,ProtGPT2_Thioredoxin-like_superfamily_085|Thioredoxin-like,ProtGPT2
154,4.108339628888809,31.734480519480503,-0.28441558441558434,4.345022773742676,0.0,2,1.3,ProtGPT2_Thioredoxin-like_superfamily_086|Thioredoxin-like,ProtGPT2
123,3.899563769340772,35.24634146341463,0.7585365853658529,7.913703727722168,0.0,2,1.7666666666666666,ProtGPT2_Thioredoxin-like_superfamily_087|Thioredoxin-like,ProtGPT2
356,3.81805040603418,49.832303370786505,-0.012078651685393288,9.878893470764158,0.0,3,2.7142857142857144,ProtGPT2_Thioredoxin-like_superfamily_088|Thioredoxin-like,ProtGPT2
214,3.862182471577931,31.172897196261676,0.36915887850467255,5.208122825622558,0.0,3,2.5609756097560976,ProtGPT2_Thioredoxin-like_superfamily_089|Thioredoxin-like,ProtGPT2
334,3.8344838057095387,35.041047904191615,0.8083832335329353,9.718302726745605,0.0,5,1.2110091743119267,ProtGPT2_Thioredoxin-like_superfamily_090|Thioredoxin-like,ProtGPT2
211,4.034338040288055,38.09383886255923,0.06540284360189576,5.659935951232909,0.0,3,1.8958333333333333,ProtGPT2_Thioredoxin-like_superfamily_091|Thioredoxin-like,ProtGPT2
111,4.047283175203147,46.45945945945945,-0.2864864864864863,4.860325050354004,0.0,2,2.35,ProtGPT2_Thioredoxin-like_superfamily_092|Thioredoxin-like,ProtGPT2
108,3.9798631628071774,45.132407407407385,0.2416666666666666,5.727290153503419,0.0,5,2.1739130434782608,ProtGPT2_Thioredoxin-like_superfamily_093|Thioredoxin-like,ProtGPT2
104,4.221430228924645,46.923173076923085,-0.1576923076923076,8.774550056457517,0.0,3,1.34375,ProtGPT2_Thioredoxin-like_superfamily_094|Thioredoxin-like,ProtGPT2
168,4.096119867569027,47.680476190476185,-0.5422619047619051,4.450515937805175,0.0,2,2.142857142857143,ProtGPT2_Thioredoxin-like_superfamily_095|Thioredoxin-like,ProtGPT2
219,4.018141676802551,33.93105022831049,0.04155251141552502,9.53379421234131,0.0,3,1.2941176470588236,ProtGPT2_Thioredoxin-like_superfamily_096|Thioredoxin-like,ProtGPT2
425,3.8592166287176353,48.24355294117644,0.3178823529411766,9.288492012023926,0.0,4,1.595505617977528,ProtGPT2_Thioredoxin-like_superfamily_097|Thioredoxin-like,ProtGPT2
468,4.135692095246265,34.59871794871793,-0.28867521367521387,8.711822319030762,0.0,3,1.6333333333333333,ProtGPT2_Thioredoxin-like_superfamily_098|Thioredoxin-like,ProtGPT2
152,3.9000872174843417,26.487499999999983,0.2111842105263158,5.696540260314941,0.0,3,1.837837837837838,ProtGPT2_Thioredoxin-like_superfamily_099|Thioredoxin-like,ProtGPT2
333,3.9902969837128657,35.45075075075074,0.9951951951951956,8.424486732482912,0.0,3,1.0258620689655173,ProtGPT2_Thioredoxin-like_superfamily_100|Thioredoxin-like,ProtGPT2
197,3.957052198405883,43.17055837563453,-0.051776649746193004,4.616826820373535,0.0,4,1.4090909090909092,ProtGPT2_Thioredoxin-like_superfamily_101|Thioredoxin-like,ProtGPT2
216,3.4861375899680547,71.98888888888882,-0.8342592592592603,10.46600704193115,0.009259259259259259,9,6.714285714285714,ProtGPT2_Thioredoxin-like_superfamily_102|Thioredoxin-like,ProtGPT2
249,4.026626556884397,25.206827309236942,0.23734939759036142,4.455915641784667,0.0,3,1.523076923076923,ProtGPT2_Thioredoxin-like_superfamily_103|Thioredoxin-like,ProtGPT2
187,4.137801504155451,49.63427807486631,-0.8973262032085559,9.246523094177245,0.0,2,1.7727272727272727,ProtGPT2_Thioredoxin-like_superfamily_104|Thioredoxin-like,ProtGPT2
369,3.745465173247938,35.786991869918694,-0.03008130081300827,4.110618782043456,0.0,5,2.6515151515151514,ProtGPT2_Thioredoxin-like_superfamily_105|Thioredoxin-like,ProtGPT2
445,4.00521918233029,50.459123595505616,-0.07617977528089905,6.688835334777832,0.0,3,2.36046511627907,ProtGPT2_Thioredoxin-like_superfamily_106|Thioredoxin-like,ProtGPT2
409,4.1299096477951736,44.83156479217602,-0.06210268948655243,8.14198627471924,0.0,5,1.0,ProtGPT2_Thioredoxin-like_superfamily_107|Thioredoxin-like,ProtGPT2
201,3.447740791035316,48.52935323383085,-0.49004975124378125,5.030500984191894,0.0,4,3.7,ProtGPT2_Thioredoxin-like_superfamily_108|Thioredoxin-like,ProtGPT2
423,3.380139801472943,45.21089834515368,-0.19881796690307343,9.774067878723145,0.0,3,0.9423076923076923,ProtGPT2_Thioredoxin-like_superfamily_109|Thioredoxin-like,ProtGPT2
136,4.0769705578030075,37.20735294117646,0.6882352941176468,9.254194831848142,0.0,2,1.0,ProtGPT2_Thioredoxin-like_superfamily_110|Thioredoxin-like,ProtGPT2
220,4.063378107400746,34.9090909090909,-0.012272727272727265,6.783017539978027,0.0,2,1.3125,ProtGPT2_Thioredoxin-like_superfamily_111|Thioredoxin-like,ProtGPT2
325,4.031183266538449,20.61199999999999,-0.4116923076923082,6.84713191986084,0.0,2,1.1898734177215189,ProtGPT2_Thioredoxin-like_superfamily_112|Thioredoxin-like,ProtGPT2
416,3.969034408924756,30.994951923076915,-0.27956730769230803,8.64406604766846,0.0,4,3.540983606557377,ProtGPT2_Thioredoxin-like_superfamily_114|Thioredoxin-like,ProtGPT2
258,4.126852679615453,40.39771317829458,-0.1670542635658916,9.686648750305174,0.0,3,1.2804878048780488,ProtGPT2_Thioredoxin-like_superfamily_115|Thioredoxin-like,ProtGPT2
173,3.7706129256563776,28.507514450867042,0.9578034682080921,5.26911106109619,0.0,5,2.4324324324324325,ProtGPT2_Thioredoxin-like_superfamily_116|Thioredoxin-like,ProtGPT2
208,3.9412957054096047,39.38653846153845,0.9846153846153852,9.208615684509276,0.0,2,1.28125,ProtGPT2_Thioredoxin-like_superfamily_117|Thioredoxin-like,ProtGPT2
263,4.089712625288829,54.35171102661596,-0.48859315589353636,5.422974205017089,0.0,3,3.0681818181818183,ProtGPT2_Thioredoxin-like_superfamily_118|Thioredoxin-like,ProtGPT2
110,3.9202078781066745,64.92090909090909,-0.702727272727273,5.44553928375244,0.0,2,4.666666666666667,ProtGPT2_Thioredoxin-like_superfamily_119|Thioredoxin-like,ProtGPT2
201,3.681481327001055,29.370696517412938,1.3746268656716427,9.034293174743652,0.0,4,1.5593220338983051,ProtGPT2_Thioredoxin-like_superfamily_120|Thioredoxin-like,ProtGPT2
232,3.9083940583792027,76.5262931034483,-0.7030172413793099,11.68961696624756,0.0,3,2.5128205128205128,ProtGPT2_Thioredoxin-like_superfamily_121|Thioredoxin-like,ProtGPT2
203,3.701403679000972,59.0384236453202,-0.21083743842364533,4.167230415344237,0.009852216748768473,9,3.8,ProtGPT2_Thioredoxin-like_superfamily_122|Thioredoxin-like,ProtGPT2
147,3.997889133297767,46.39122448979591,-0.6387755102040819,4.790185737609863,0.0,3,1.903225806451613,ProtGPT2_Thioredoxin-like_superfamily_123|Thioredoxin-like,ProtGPT2
116,3.7443139638460985,60.94568965517242,-0.881034482758621,7.714210700988769,0.0,4,2.5714285714285716,ProtGPT2_Thioredoxin-like_superfamily_124|Thioredoxin-like,ProtGPT2
273,3.8996022490587583,49.919413919413905,-0.32527472527472606,5.056362724304199,0.0,3,3.108695652173913,ProtGPT2_Thioredoxin-like_superfamily_126|Thioredoxin-like,ProtGPT2
464,4.1137277733518545,48.74612068965521,-0.27629310344827507,8.294776344299319,0.0,3,2.4022988505747125,ProtGPT2_Thioredoxin-like_superfamily_127|Thioredoxin-like,ProtGPT2
248,3.8834897338090526,47.583064516129014,0.23104838709677392,6.365421485900878,0.0,4,2.391304347826087,ProtGPT2_Thioredoxin-like_superfamily_129|Thioredoxin-like,ProtGPT2
385,3.8594430521059797,26.0937922077922,1.0000000000000013,9.612252235412598,0.0,3,0.8653846153846154,ProtGPT2_Thioredoxin-like_superfamily_130|Thioredoxin-like,ProtGPT2
123,3.7342222927067135,41.59674796747966,-0.11056910569105675,5.077677345275878,0.0,3,3.210526315789474,ProtGPT2_Thioredoxin-like_superfamily_131|Thioredoxin-like,ProtGPT2
106,3.334456342466524,55.58962264150943,1.0254716981132068,10.706087303161617,0.0,4,4.533333333333333,ProtGPT2_Thioredoxin-like_superfamily_133|Thioredoxin-like,ProtGPT2
455,4.147553440187644,48.8465934065934,-0.9839560439560433,10.305351829528806,0.0,4,1.5871559633027523,ProtGPT2_Thioredoxin-like_superfamily_134|Thioredoxin-like,ProtGPT2
294,3.8209834424759705,48.18809523809524,-0.4727891156462589,5.439230155944824,0.0,5,2.6666666666666665,ProtGPT2_Thioredoxin-like_superfamily_135|Thioredoxin-like,ProtGPT2
423,4.160777062557858,55.205437352245916,-0.1167848699763595,6.357464027404785,0.0,3,2.2134831460674156,ProtGPT2_Thioredoxin-like_superfamily_136|Thioredoxin-like,ProtGPT2
255,4.131258039819372,49.30082352941179,-0.330980392156863,5.577746772766112,0.0,2,2.1296296296296298,ProtGPT2_Thioredoxin-like_superfamily_137|Thioredoxin-like,ProtGPT2
119,4.054222317258032,28.651260504201677,0.5033613445378148,6.146477699279784,0.0,3,1.236842105263158,ProtGPT2_Thioredoxin-like_superfamily_138|Thioredoxin-like,ProtGPT2
139,4.1730292755921505,54.007985611510776,-0.546043165467626,5.12570629119873,0.0,3,1.59375,ProtGPT2_Thioredoxin-like_superfamily_139|Thioredoxin-like,ProtGPT2
235,3.9982543579628453,38.22897872340426,-0.5561702127659579,4.269256401062012,0.02553191489361702,10,2.022727272727273,ProtGPT2_Thioredoxin-like_superfamily_141|Thioredoxin-like,ProtGPT2
216,3.9517785261918714,67.85138888888888,-0.2055555555555556,11.714372825622558,0.0,3,2.4871794871794872,ProtGPT2_Thioredoxin-like_superfamily_142|Thioredoxin-like,ProtGPT2
204,3.961916665100523,51.89215686274509,0.14901960784313706,9.713596534729003,0.0,4,2.7222222222222223,ProtGPT2_Thioredoxin-like_superfamily_143|Thioredoxin-like,ProtGPT2
135,3.8118903313545967,37.54148148148147,0.6422222222222215,8.685712623596192,0.0,3,2.607142857142857,ProtGPT2_Thioredoxin-like_superfamily_144|Thioredoxin-like,ProtGPT2
183,3.933017627816335,26.144262295081948,-0.04699453551912578,9.422650718688963,0.0,2,3.225806451612903,ProtGPT2_Thioredoxin-like_superfamily_146|Thioredoxin-like,ProtGPT2
191,3.918979191466945,32.960209424083764,0.7408376963350783,9.519353294372557,0.0,4,1.305084745762712,ProtGPT2_Thioredoxin-like_superfamily_147|Thioredoxin-like,ProtGPT2
457,4.080802085472551,38.150809628008744,0.2479212253829319,9.013534355163575,0.0,3,1.167785234899329,ProtGPT2_Thioredoxin-like_superfamily_148|Thioredoxin-like,ProtGPT2
130,3.5089465365699937,61.46923076923078,-1.4238461538461538,4.461770057678222,0.0,7,5.6,ProtGPT2_Thioredoxin-like_superfamily_149|Thioredoxin-like,ProtGPT2
